META,AMZA220916C00029000,AMZA/LMQ0B.O
META,AMZA220916C00031000,AMZA/LMQ8B.O
META,AMZA220916C00032000,AMZA/LMQAC.O
META,AMZA220916C00033000,AMZA/LMQEC.O
META,AMZA220916C00018000,AMZA/LMQIB.O
META,AMZA220916C00034000,AMZA/LMQIC.O
META,AMZA220916C00019000,AMZA/LMQMB.O
META,AMZA220916C00036000,AMZA/LMQQC.O
META,AMZA220916C00020000,AMZA/LMQT.O
META,AMZA220916C00021000,AMZA/LMQUB.O
META,AMZA220916C00037000,AMZA/LMQUC.O
META,AMZA220916C00025000,AMZA/LMQX.O
META,AMZA220916C00022000,AMZA/LMQYB.O
META,AMZA220916C00038000,AMZA/LMQYC.O
META,AMZA220916C00030000,AMZA/LMQb.O
META,AMZA220916C00023000,AMZA/LMQcB.O
META,AMZA220916C00039000,AMZA/LMQcC.O
META,AMZA220916C00035000,AMZA/LMQf.O
META,AMZA220916C00024000,AMZA/LMQgB.O
META,AMZA220916C00026000,AMZA/LMQoB.O
META,AMZA220916C00027000,AMZA/LMQsB.O
META,AMZA220916C00028000,AMZA/LMQwB.O
META,AMZA221021C00029000,AMZA/LNV0B.O
META,AMZA221021C00031000,AMZA/LNV8B.O
META,AMZA221021C00032000,AMZA/LNVAC.O
META,AMZA221021C00033000,AMZA/LNVEC.O
META,AMZA221021C00034000,AMZA/LNVIC.O
META,AMZA221021C00019000,AMZA/LNVMB.O
META,AMZA221021C00036000,AMZA/LNVQC.O
META,AMZA221021C00020000,AMZA/LNVT.O
META,AMZA221021C00021000,AMZA/LNVUB.O
META,AMZA221021C00037000,AMZA/LNVUC.O
META,AMZA221021C00025000,AMZA/LNVX.O
META,AMZA221021C00022000,AMZA/LNVYB.O
META,AMZA221021C00038000,AMZA/LNVYC.O
META,AMZA221021C00030000,AMZA/LNVb.O
META,AMZA221021C00023000,AMZA/LNVcB.O
META,AMZA221021C00039000,AMZA/LNVcC.O
META,AMZA221021C00035000,AMZA/LNVf.O
META,AMZA221021C00024000,AMZA/LNVgB.O
META,AMZA221021C00040000,AMZA/LNVj.O
META,AMZA221021C00041000,AMZA/LNVkC.O
META,AMZA221021C00026000,AMZA/LNVoB.O
META,AMZA221021C00042000,AMZA/LNVoC.O
META,AMZA221021C00027000,AMZA/LNVsB.O
META,AMZA221021C00028000,AMZA/LNVwB.O
META,AMZA221118C00029000,AMZA/LOS0B.O
META,AMZA221118C00031000,AMZA/LOS8B.O
META,AMZA221118C00032000,AMZA/LOSAC.O
META,AMZA221118C00033000,AMZA/LOSEC.O
META,AMZA221118C00034000,AMZA/LOSIC.O
META,AMZA221118C00036000,AMZA/LOSQC.O
META,AMZA221118C00037000,AMZA/LOSUC.O
META,AMZA221118C00025000,AMZA/LOSX.O
META,AMZA221118C00038000,AMZA/LOSYC.O
META,AMZA221118C00030000,AMZA/LOSb.O
META,AMZA221118C00023000,AMZA/LOScB.O
META,AMZA221118C00039000,AMZA/LOScC.O
META,AMZA221118C00035000,AMZA/LOSf.O
META,AMZA221118C00024000,AMZA/LOSgB.O
META,AMZA221118C00040000,AMZA/LOSj.O
META,AMZA221118C00041000,AMZA/LOSkC.O
META,AMZA221118C00026000,AMZA/LOSoB.O
META,AMZA221118C00042000,AMZA/LOSoC.O
META,AMZA221118C00027000,AMZA/LOSsB.O
META,AMZA221118C00043000,AMZA/LOSsC.O
META,AMZA221118C00028000,AMZA/LOSwB.O
META,AMZA221216C00029000,AMZA/LPQ0B.O
META,AMZA221216C00031000,AMZA/LPQ8B.O
META,AMZA221216C00032000,AMZA/LPQAC.O
META,AMZA221216C00033000,AMZA/LPQEC.O
META,AMZA221216C00034000,AMZA/LPQIC.O
META,AMZA221216C00019000,AMZA/LPQMB.O
META,AMZA221216C00036000,AMZA/LPQQC.O
META,AMZA221216C00020000,AMZA/LPQT.O
META,AMZA221216C00021000,AMZA/LPQUB.O
META,AMZA221216C00037000,AMZA/LPQUC.O
META,AMZA221216C00025000,AMZA/LPQX.O
META,AMZA221216C00022000,AMZA/LPQYB.O
META,AMZA221216C00038000,AMZA/LPQYC.O
META,AMZA221216C00030000,AMZA/LPQb.O
META,AMZA221216C00023000,AMZA/LPQcB.O
META,AMZA221216C00039000,AMZA/LPQcC.O
META,AMZA221216C00035000,AMZA/LPQf.O
META,AMZA221216C00024000,AMZA/LPQgB.O
META,AMZA221216C00040000,AMZA/LPQj.O
META,AMZA221216C00041000,AMZA/LPQkC.O
META,AMZA221216C00026000,AMZA/LPQoB.O
META,AMZA221216C00027000,AMZA/LPQsB.O
META,AMZA221216C00028000,AMZA/LPQwB.O
META,AMZA220916P00029000,AMZA/LYQ0B.O
META,AMZA220916P00031000,AMZA/LYQ8B.O
META,AMZA220916P00032000,AMZA/LYQAC.O
META,AMZA220916P00033000,AMZA/LYQEC.O
META,AMZA220916P00018000,AMZA/LYQIB.O
META,AMZA220916P00034000,AMZA/LYQIC.O
META,AMZA220916P00019000,AMZA/LYQMB.O
META,AMZA220916P00036000,AMZA/LYQQC.O
META,AMZA220916P00020000,AMZA/LYQT.O
META,AMZA220916P00021000,AMZA/LYQUB.O
META,AMZA220916P00037000,AMZA/LYQUC.O
META,AMZA220916P00025000,AMZA/LYQX.O
META,AMZA220916P00022000,AMZA/LYQYB.O
META,AMZA220916P00038000,AMZA/LYQYC.O
META,AMZA220916P00030000,AMZA/LYQb.O
META,AMZA220916P00023000,AMZA/LYQcB.O
META,AMZA220916P00039000,AMZA/LYQcC.O
META,AMZA220916P00035000,AMZA/LYQf.O
META,AMZA220916P00024000,AMZA/LYQgB.O
META,AMZA220916P00026000,AMZA/LYQoB.O
META,AMZA220916P00027000,AMZA/LYQsB.O
META,AMZA220916P00028000,AMZA/LYQwB.O
META,AMZA221021P00029000,AMZA/LZV0B.O
META,AMZA221021P00031000,AMZA/LZV8B.O
META,AMZA221021P00032000,AMZA/LZVAC.O
META,AMZA221021P00033000,AMZA/LZVEC.O
META,AMZA221021P00034000,AMZA/LZVIC.O
META,AMZA221021P00019000,AMZA/LZVMB.O
META,AMZA221021P00036000,AMZA/LZVQC.O
META,AMZA221021P00020000,AMZA/LZVT.O
META,AMZA221021P00021000,AMZA/LZVUB.O
META,AMZA221021P00037000,AMZA/LZVUC.O
META,AMZA221021P00025000,AMZA/LZVX.O
META,AMZA221021P00022000,AMZA/LZVYB.O
META,AMZA221021P00038000,AMZA/LZVYC.O
META,AMZA221021P00030000,AMZA/LZVb.O
META,AMZA221021P00023000,AMZA/LZVcB.O
META,AMZA221021P00039000,AMZA/LZVcC.O
META,AMZA221021P00035000,AMZA/LZVf.O
META,AMZA221021P00024000,AMZA/LZVgB.O
META,AMZA221021P00040000,AMZA/LZVj.O
META,AMZA221021P00041000,AMZA/LZVkC.O
META,AMZA221021P00026000,AMZA/LZVoB.O
META,AMZA221021P00042000,AMZA/LZVoC.O
META,AMZA221021P00027000,AMZA/LZVsB.O
META,AMZA221021P00028000,AMZA/LZVwB.O
META,AMZA221118P00029000,AMZA/LaS0B.O
META,AMZA221118P00031000,AMZA/LaS8B.O
META,AMZA221118P00032000,AMZA/LaSAC.O
META,AMZA221118P00033000,AMZA/LaSEC.O
META,AMZA221118P00034000,AMZA/LaSIC.O
META,AMZA221118P00036000,AMZA/LaSQC.O
META,AMZA221118P00037000,AMZA/LaSUC.O
META,AMZA221118P00025000,AMZA/LaSX.O
META,AMZA221118P00038000,AMZA/LaSYC.O
META,AMZA221118P00030000,AMZA/LaSb.O
META,AMZA221118P00023000,AMZA/LaScB.O
META,AMZA221118P00039000,AMZA/LaScC.O
META,AMZA221118P00035000,AMZA/LaSf.O
META,AMZA221118P00024000,AMZA/LaSgB.O
META,AMZA221118P00040000,AMZA/LaSj.O
META,AMZA221118P00041000,AMZA/LaSkC.O
META,AMZA221118P00026000,AMZA/LaSoB.O
META,AMZA221118P00042000,AMZA/LaSoC.O
META,AMZA221118P00027000,AMZA/LaSsB.O
META,AMZA221118P00043000,AMZA/LaSsC.O
META,AMZA221118P00028000,AMZA/LaSwB.O
META,AMZA221216P00029000,AMZA/LbQ0B.O
META,AMZA221216P00031000,AMZA/LbQ8B.O
META,AMZA221216P00032000,AMZA/LbQAC.O
META,AMZA221216P00033000,AMZA/LbQEC.O
META,AMZA221216P00034000,AMZA/LbQIC.O
META,AMZA221216P00019000,AMZA/LbQMB.O
META,AMZA221216P00036000,AMZA/LbQQC.O
META,AMZA221216P00020000,AMZA/LbQT.O
META,AMZA221216P00021000,AMZA/LbQUB.O
META,AMZA221216P00037000,AMZA/LbQUC.O
META,AMZA221216P00025000,AMZA/LbQX.O
META,AMZA221216P00022000,AMZA/LbQYB.O
META,AMZA221216P00038000,AMZA/LbQYC.O
META,AMZA221216P00030000,AMZA/LbQb.O
META,AMZA221216P00023000,AMZA/LbQcB.O
META,AMZA221216P00039000,AMZA/LbQcC.O
META,AMZA221216P00035000,AMZA/LbQf.O
META,AMZA221216P00024000,AMZA/LbQgB.O
META,AMZA221216P00040000,AMZA/LbQj.O
META,AMZA221216P00041000,AMZA/LbQkC.O
META,AMZA221216P00026000,AMZA/LbQoB.O
META,AMZA221216P00027000,AMZA/LbQsB.O
META,AMZA221216P00028000,AMZA/LbQwB.O
META,AMZA230317C00029000,AMZA/LmR0B.O
META,AMZA230317C00031000,AMZA/LmR8B.O
META,AMZA230317C00016000,AMZA/LmRAB.O
META,AMZA230317C00032000,AMZA/LmRAC.O
META,AMZA230317C00017000,AMZA/LmREB.O
META,AMZA230317C00033000,AMZA/LmREC.O
META,AMZA230317C00018000,AMZA/LmRIB.O
META,AMZA230317C00034000,AMZA/LmRIC.O
META,AMZA230317C00019000,AMZA/LmRMB.O
META,AMZA230317C00036000,AMZA/LmRQC.O
META,AMZA230317C00020000,AMZA/LmRT.O
META,AMZA230317C00021000,AMZA/LmRUB.O
META,AMZA230317C00037000,AMZA/LmRUC.O
META,AMZA230317C00025000,AMZA/LmRX.O
META,AMZA230317C00022000,AMZA/LmRYB.O
META,AMZA230317C00038000,AMZA/LmRYC.O
META,AMZA230317C00030000,AMZA/LmRb.O
META,AMZA230317C00023000,AMZA/LmRcB.O
META,AMZA230317C00039000,AMZA/LmRcC.O
META,AMZA230317C00035000,AMZA/LmRf.O
META,AMZA230317C00024000,AMZA/LmRgB.O
META,AMZA230317C00040000,AMZA/LmRj.O
META,AMZA230317C00026000,AMZA/LmRoB.O
META,AMZA230317C00027000,AMZA/LmRsB.O
META,AMZA230317C00028000,AMZA/LmRwB.O
META,AMZA230317P00029000,AMZA/LyR0B.O
META,AMZA230317P00031000,AMZA/LyR8B.O
META,AMZA230317P00016000,AMZA/LyRAB.O
