META,META230616P00065000,META/L1Q3.O
META,META230616P00145000,META/L1Q3B.O
META,META230616P00305000,META/L1Q3D.O
META,META230616P00385000,META/L1Q3E.O
META,META230616P00070000,META/L1Q7.O
META,META230616P00150000,META/L1Q7B.O
META,META230616P00230000,META/L1Q7C.O
META,META230616P00310000,META/L1Q7D.O
META,META230616P00390000,META/L1Q7E.O
META,META230616P00470000,META/L1Q7F.O
META,META230616P00550000,META/L1Q7G.O
META,META230616P00080000,META/L1QDB.O
META,META230616P00160000,META/L1QDC.O
META,META230616P00240000,META/L1QDD.O
META,META230616P00320000,META/L1QDE.O
META,META230616P00400000,META/L1QDF.O
META,META230616P00480000,META/L1QDG.O
META,META230616P00560000,META/L1QDH.O
META,META230616P00005000,META/L1QH.O
META,META230616P00085000,META/L1QHB.O
META,META230616P00165000,META/L1QHC.O
META,META230616P00245000,META/L1QHD.O
META,META230616P00325000,META/L1QHE.O
META,META230616P00405000,META/L1QHF.O
META,META230616P00010000,META/L1QL.O
META,META230616P00090000,META/L1QLB.O
META,META230616P00170000,META/L1QLC.O
META,META230616P00250000,META/L1QLD.O
META,META230616P00330000,META/L1QLE.O
META,META230616P00410000,META/L1QLF.O
META,META230616P00490000,META/L1QLG.O
META,META230616P00570000,META/L1QLH.O
META,META230616P00650000,META/L1QLI.O
META,META230616P00015000,META/L1QP.O
META,META230616P00095000,META/L1QPB.O
META,META230616P00175000,META/L1QPC.O
META,META230616P00255000,META/L1QPD.O
META,META230616P00335000,META/L1QPE.O
META,META230616P00415000,META/L1QPF.O
META,META230616P00020000,META/L1QT.O
META,META230616P00100000,META/L1QTB.O
META,META230616P00180000,META/L1QTC.O
META,META230616P00260000,META/L1QTD.O
META,META230616P00340000,META/L1QTE.O
META,META230616P00420000,META/L1QTF.O
META,META230616P00500000,META/L1QTG.O
META,META230616P00580000,META/L1QTH.O
META,META230616P00025000,META/L1QX.O
META,META230616P00105000,META/L1QXB.O
META,META230616P00185000,META/L1QXC.O
META,META230616P00265000,META/L1QXD.O
META,META230616P00345000,META/L1QXE.O
META,META230616P00425000,META/L1QXF.O
META,META230616P00030000,META/L1Qb.O
META,META230616P00110000,META/L1QbB.O
META,META230616P00190000,META/L1QbC.O
META,META230616P00270000,META/L1QbD.O
META,META230616P00350000,META/L1QbE.O
META,META230616P00430000,META/L1QbF.O
META,META230616P00510000,META/L1QbG.O
META,META230616P00590000,META/L1QbH.O
META,META230616P00035000,META/L1Qf.O
META,META230616P00115000,META/L1QfB.O
META,META230616P00195000,META/L1QfC.O
META,META230616P00275000,META/L1QfD.O
META,META230616P00355000,META/L1QfE.O
META,META230616P00435000,META/L1QfF.O
META,META230616P00040000,META/L1Qj.O
META,META230616P00120000,META/L1QjB.O
META,META230616P00200000,META/L1QjC.O
META,META230616P00280000,META/L1QjD.O
META,META230616P00360000,META/L1QjE.O
META,META230616P00440000,META/L1QjF.O
META,META230616P00520000,META/L1QjG.O
META,META230616P00600000,META/L1QjH.O
META,META230616P00045000,META/L1Qn.O
META,META230616P00125000,META/L1QnB.O
META,META230616P00285000,META/L1QnD.O
META,META230616P00365000,META/L1QnE.O
META,META230616P00445000,META/L1QnF.O
META,META230616P00050000,META/L1Qr.O
META,META230616P00130000,META/L1QrB.O
META,META230616P00210000,META/L1QrC.O
META,META230616P00290000,META/L1QrD.O
META,META230616P00370000,META/L1QrE.O
META,META230616P00450000,META/L1QrF.O
META,META230616P00530000,META/L1QrG.O
META,META230616P00055000,META/L1Qv.O
META,META230616P00135000,META/L1QvB.O
META,META230616P00295000,META/L1QvD.O
META,META230616P00375000,META/L1QvE.O
META,META230616P00060000,META/L1Qz.O
META,META230616P00140000,META/L1QzB.O
META,META230616P00220000,META/L1QzC.O
META,META230616P00300000,META/L1QzD.O
META,META230616P00380000,META/L1QzE.O
META,META230616P00460000,META/L1QzF.O
META,META230616P00540000,META/L1QzG.O
META,META230616P00700000,META/L1QzI.O
META,META230616P00075000,META/L1Q~.O
META,META230616P00155000,META/L1Q~B.O
META,META230616P00315000,META/L1Q~D.O
META,META230616P00395000,META/L1Q~E.O
META,META230915P00145000,META/L4P3B.O
META,META230915P00225000,META/L4P3C.O
META,META230915P00305000,META/L4P3D.O
META,META230915P00385000,META/L4P3E.O
META,META230915P00070000,META/L4P7.O
META,META230915P00150000,META/L4P7B.O
META,META230915P00230000,META/L4P7C.O
META,META230915P00310000,META/L4P7D.O
META,META230915P00390000,META/L4P7E.O
META,META230915P00080000,META/L4PDB.O
META,META230915P00160000,META/L4PDC.O
META,META230915P00240000,META/L4PDD.O
META,META230915P00320000,META/L4PDE.O
META,META230915P00400000,META/L4PDF.O
META,META230915P00005000,META/L4PH.O
META,META230915P00085000,META/L4PHB.O
META,META230915P00165000,META/L4PHC.O
META,META230915P00245000,META/L4PHD.O
META,META230915P00325000,META/L4PHE.O
META,META230915P00405000,META/L4PHF.O
META,META230915P00010000,META/L4PL.O
META,META230915P00090000,META/L4PLB.O
META,META230915P00170000,META/L4PLC.O
META,META230915P00250000,META/L4PLD.O
META,META230915P00330000,META/L4PLE.O
META,META230915P00410000,META/L4PLF.O
META,META230915P00015000,META/L4PP.O
META,META230915P00095000,META/L4PPB.O
META,META230915P00175000,META/L4PPC.O
META,META230915P00255000,META/L4PPD.O
META,META230915P00335000,META/L4PPE.O
META,META230915P00020000,META/L4PT.O
META,META230915P00100000,META/L4PTB.O
META,META230915P00180000,META/L4PTC.O
META,META230915P00260000,META/L4PTD.O
META,META230915P00340000,META/L4PTE.O
META,META230915P00025000,META/L4PX.O
META,META230915P00105000,META/L4PXB.O
META,META230915P00185000,META/L4PXC.O
META,META230915P00265000,META/L4PXD.O
META,META230915P00345000,META/L4PXE.O
META,META230915P00030000,META/L4Pb.O
META,META230915P00110000,META/L4PbB.O
META,META230915P00190000,META/L4PbC.O
META,META230915P00270000,META/L4PbD.O
META,META230915P00350000,META/L4PbE.O
META,META230915P00035000,META/L4Pf.O
META,META230915P00115000,META/L4PfB.O
META,META230915P00195000,META/L4PfC.O
META,META230915P00275000,META/L4PfD.O
META,META230915P00355000,META/L4PfE.O
META,META230915P00040000,META/L4Pj.O
META,META230915P00120000,META/L4PjB.O
META,META230915P00200000,META/L4PjC.O
META,META230915P00280000,META/L4PjD.O
META,META230915P00360000,META/L4PjE.O
META,META230915P00045000,META/L4Pn.O
META,META230915P00125000,META/L4PnB.O
META,META230915P00205000,META/L4PnC.O
META,META230915P00285000,META/L4PnD.O
META,META230915P00365000,META/L4PnE.O
META,META230915P00050000,META/L4Pr.O
META,META230915P00130000,META/L4PrB.O
META,META230915P00210000,META/L4PrC.O
META,META230915P00290000,META/L4PrD.O
META,META230915P00370000,META/L4PrE.O
META,META230915P00135000,META/L4PvB.O
META,META230915P00215000,META/L4PvC.O
META,META230915P00295000,META/L4PvD.O
META,META230915P00375000,META/L4PvE.O
META,META230915P00060000,META/L4Pz.O
META,META230915P00140000,META/L4PzB.O
META,META230915P00220000,META/L4PzC.O
META,META230915P00300000,META/L4PzD.O
META,META230915P00380000,META/L4PzE.O
META,META230915P00075000,META/L4P~.O
META,META230915P00155000,META/L4P~B.O
META,META230915P00235000,META/L4P~C.O
META,META230915P00315000,META/L4P~D.O
META,META230915P00395000,META/L4P~E.O
META,META220930C00172500,META/LM^0rB.O
META,META220930C00177500,META/LM^8uB.O
META,META220930C00182500,META/LM^EyB.O
META,META220930C00187500,META/LM^M1B.O
META,META220930C00192500,META/LM^U4B.O
META,META220930C00152500,META/LM^UfB.O
META,META220930C00157500,META/LM^ciB.O
META,META220930C00162500,META/LM^klB.O
META,META220930C00167500,META/LM^soB.O
META,META220930C00141000,META/LMe0I.O
META,META220930C00145000,META/LMe3B.O
META,META220930C00225000,META/LMe3C.O
META,META220930C00126000,META/LMe4H.O
META,META220930C00142000,META/LMe4I.O
META,META220930C00070000,META/LMe7.O
META,META220930C00150000,META/LMe7B.O
META,META220930C00230000,META/LMe7C.O
META,META220930C00127000,META/LMe8H.O
META,META220930C00143000,META/LMe8I.O
META,META220930C00128000,META/LMeAI.O
META,META220930C00144000,META/LMeAJ.O
META,META220930C00080000,META/LMeDB.O
META,META220930C00160000,META/LMeDC.O
META,META220930C00240000,META/LMeDD.O
META,META220930C00129000,META/LMeEI.O
META,META220930C00085000,META/LMeHB.O
META,META220930C00165000,META/LMeHC.O
META,META220930C00245000,META/LMeHD.O
META,META220930C00146000,META/LMeIJ.O
META,META220930C00090000,META/LMeLB.O
META,META220930C00170000,META/LMeLC.O
META,META220930C00250000,META/LMeLD.O
META,META220930C00131000,META/LMeMI.O
META,META220930C00147000,META/LMeMJ.O
META,META220930C00095000,META/LMePB.O
META,META220930C00175000,META/LMePC.O
META,META220930C00116000,META/LMeQH.O
META,META220930C00132000,META/LMeQI.O
META,META220930C00148000,META/LMeQJ.O
META,META220930C00100000,META/LMeTB.O
META,META220930C00180000,META/LMeTC.O
META,META220930C00117000,META/LMeUH.O
META,META220930C00133000,META/LMeUI.O
META,META220930C00149000,META/LMeUJ.O
META,META220930C00105000,META/LMeXB.O
META,META220930C00185000,META/LMeXC.O
META,META220930C00118000,META/LMeYH.O
META,META220930C00134000,META/LMeYI.O
META,META220930C00110000,META/LMebB.O
META,META220930C00190000,META/LMebC.O
META,META220930C00119000,META/LMecH.O
META,META220930C00115000,META/LMefB.O
META,META220930C00195000,META/LMefC.O
META,META220930C00136000,META/LMegI.O
META,META220930C00120000,META/LMejB.O
META,META220930C00200000,META/LMejC.O
META,META220930C00121000,META/LMekH.O
META,META220930C00137000,META/LMekI.O
META,META220930C00125000,META/LMenB.O
META,META220930C00205000,META/LMenC.O
META,META220930C00122000,META/LMeoH.O
META,META220930C00138000,META/LMeoI.O
META,META220930C00050000,META/LMer.O
META,META220930C00130000,META/LMerB.O
META,META220930C00210000,META/LMerC.O
META,META220930C00123000,META/LMesH.O
META,META220930C00139000,META/LMesI.O
META,META220930C00135000,META/LMevB.O
META,META220930C00215000,META/LMevC.O
META,META220930C00124000,META/LMewH.O
META,META220930C00060000,META/LMez.O
META,META220930C00140000,META/LMezB.O
META,META220930C00220000,META/LMezC.O
META,META220930C00155000,META/LMe~B.O
META,META220930C00235000,META/LMe~C.O
META,META221021C00172500,META/LN10rB.O
META,META221021C00152500,META/LN1UfB.O
META,META221021C00157500,META/LN1ciB.O
META,META221021C00162500,META/LN1klB.O
META,META221021C00167500,META/LN1soB.O
META,META221007C00141000,META/LNH0I.O
META,META221007C00145000,META/LNH3B.O
META,META221007C00225000,META/LNH3C.O
META,META221007C00142000,META/LNH4I.O
META,META221007C00070000,META/LNH7.O
META,META221007C00150000,META/LNH7B.O
META,META221007C00230000,META/LNH7C.O
META,META221007C00143000,META/LNH8I.O
META,META221007C00144000,META/LNHAJ.O
META,META221007C00080000,META/LNHDB.O
META,META221007C00160000,META/LNHDC.O
META,META221007C00240000,META/LNHDD.O
META,META221007C00085000,META/LNHHB.O
META,META221007C00165000,META/LNHHC.O
META,META221007C00245000,META/LNHHD.O
META,META221007C00146000,META/LNHIJ.O
META,META221007C00090000,META/LNHLB.O
META,META221007C00170000,META/LNHLC.O
META,META221007C00250000,META/LNHLD.O
META,META221007C00147000,META/LNHMJ.O
META,META221007C00095000,META/LNHPB.O
META,META221007C00175000,META/LNHPC.O
META,META221007C00132000,META/LNHQI.O
META,META221007C00148000,META/LNHQJ.O
META,META221007C00100000,META/LNHTB.O
META,META221007C00180000,META/LNHTC.O
META,META221007C00133000,META/LNHUI.O
META,META221007C00149000,META/LNHUJ.O
META,META221007C00105000,META/LNHXB.O
META,META221007C00185000,META/LNHXC.O
META,META221007C00134000,META/LNHYI.O
META,META221007C00110000,META/LNHbB.O
META,META221007C00190000,META/LNHbC.O
META,META221007C00115000,META/LNHfB.O
META,META221007C00195000,META/LNHfC.O
META,META221007C00136000,META/LNHgI.O
META,META221007C00120000,META/LNHjB.O
META,META221007C00200000,META/LNHjC.O
META,META221007C00137000,META/LNHkI.O
META,META221007C00125000,META/LNHnB.O
META,META221007C00205000,META/LNHnC.O
META,META221007C00138000,META/LNHoI.O
META,META221007C00050000,META/LNHr.O
META,META221007C00130000,META/LNHrB.O
META,META221007C00210000,META/LNHrC.O
META,META221007C00139000,META/LNHsI.O
META,META221007C00135000,META/LNHvB.O
META,META221007C00215000,META/LNHvC.O
META,META221007C00060000,META/LNHz.O
META,META221007C00140000,META/LNHzB.O
META,META221007C00220000,META/LNHzC.O
META,META221007C00075000,META/LNH~.O
META,META221007C00155000,META/LNH~B.O
META,META221007C00235000,META/LNH~C.O
META,META221014C00145000,META/LNO3B.O
META,META221014C00225000,META/LNO3C.O
META,META221014C00070000,META/LNO7.O
META,META221014C00150000,META/LNO7B.O
META,META221014C00230000,META/LNO7C.O
META,META221014C00080000,META/LNODB.O
META,META221014C00160000,META/LNODC.O
META,META221014C00240000,META/LNODD.O
META,META221014C00085000,META/LNOHB.O
META,META221014C00165000,META/LNOHC.O
META,META221014C00245000,META/LNOHD.O
META,META221014C00090000,META/LNOLB.O
META,META221014C00170000,META/LNOLC.O
META,META221014C00250000,META/LNOLD.O
META,META221014C00095000,META/LNOPB.O
META,META221014C00175000,META/LNOPC.O
META,META221014C00100000,META/LNOTB.O
META,META221014C00180000,META/LNOTC.O
META,META221014C00105000,META/LNOXB.O
META,META221014C00185000,META/LNOXC.O
META,META221014C00110000,META/LNObB.O
META,META221014C00190000,META/LNObC.O
META,META221014C00115000,META/LNOfB.O
META,META221014C00195000,META/LNOfC.O
META,META221014C00120000,META/LNOjB.O
META,META221014C00200000,META/LNOjC.O
META,META221014C00125000,META/LNOnB.O
META,META221014C00205000,META/LNOnC.O
META,META221014C00050000,META/LNOr.O
META,META221014C00130000,META/LNOrB.O
META,META221014C00210000,META/LNOrC.O
META,META221014C00135000,META/LNOvB.O
META,META221014C00215000,META/LNOvC.O
META,META221014C00060000,META/LNOz.O
META,META221014C00140000,META/LNOzB.O
META,META221014C00220000,META/LNOzC.O
META,META221014C00075000,META/LNO~.O
META,META221014C00155000,META/LNO~B.O
META,META221014C00235000,META/LNO~C.O
META,META221021C00141000,META/LNV0I.O
META,META221021C00145000,META/LNV3B.O
META,META221021C00225000,META/LNV3C.O
META,META221021C00305000,META/LNV3D.O
META,META221021C00142000,META/LNV4I.O
META,META221021C00070000,META/LNV7.O
META,META221021C00150000,META/LNV7B.O
META,META221021C00230000,META/LNV7C.O
META,META221021C00310000,META/LNV7D.O
META,META221021C00390000,META/LNV7E.O
META,META221021C00143000,META/LNV8I.O
META,META221021C00144000,META/LNVAJ.O
META,META221021C00080000,META/LNVDB.O
META,META221021C00160000,META/LNVDC.O
META,META221021C00240000,META/LNVDD.O
META,META221021C00320000,META/LNVDE.O
META,META221021C00400000,META/LNVDF.O
META,META221021C00085000,META/LNVHB.O
META,META221021C00165000,META/LNVHC.O
META,META221021C00245000,META/LNVHD.O
META,META221021C00325000,META/LNVHE.O
META,META221021C00146000,META/LNVIJ.O
META,META221021C00090000,META/LNVLB.O
META,META221021C00170000,META/LNVLC.O
META,META221021C00250000,META/LNVLD.O
META,META221021C00330000,META/LNVLE.O
META,META221021C00410000,META/LNVLF.O
META,META221021C00147000,META/LNVMJ.O
META,META221021C00095000,META/LNVPB.O
META,META221021C00175000,META/LNVPC.O
META,META221021C00255000,META/LNVPD.O
META,META221021C00148000,META/LNVQJ.O
META,META221021C00100000,META/LNVTB.O
META,META221021C00180000,META/LNVTC.O
META,META221021C00260000,META/LNVTD.O
META,META221021C00340000,META/LNVTE.O
META,META221021C00420000,META/LNVTF.O
META,META221021C00149000,META/LNVUJ.O
META,META221021C00105000,META/LNVXB.O
META,META221021C00185000,META/LNVXC.O
META,META221021C00265000,META/LNVXD.O
META,META221021C00110000,META/LNVbB.O
META,META221021C00190000,META/LNVbC.O
META,META221021C00270000,META/LNVbD.O
META,META221021C00350000,META/LNVbE.O
META,META221021C00430000,META/LNVbF.O
META,META221021C00115000,META/LNVfB.O
META,META221021C00195000,META/LNVfC.O
META,META221021C00275000,META/LNVfD.O
META,META221021C00136000,META/LNVgI.O
META,META221021C00120000,META/LNVjB.O
META,META221021C00200000,META/LNVjC.O
META,META221021C00280000,META/LNVjD.O
META,META221021C00360000,META/LNVjE.O
META,META221021C00440000,META/LNVjF.O
META,META221021C00137000,META/LNVkI.O
META,META221021C00125000,META/LNVnB.O
META,META221021C00205000,META/LNVnC.O
META,META221021C00285000,META/LNVnD.O
META,META221021C00138000,META/LNVoI.O
META,META221021C00050000,META/LNVr.O
META,META221021C00130000,META/LNVrB.O
META,META221021C00210000,META/LNVrC.O
META,META221021C00290000,META/LNVrD.O
META,META221021C00370000,META/LNVrE.O
META,META221021C00450000,META/LNVrF.O
META,META221021C00139000,META/LNVsI.O
META,META221021C00135000,META/LNVvB.O
META,META221021C00215000,META/LNVvC.O
META,META221021C00295000,META/LNVvD.O
META,META221021C00060000,META/LNVz.O
META,META221021C00140000,META/LNVzB.O
META,META221021C00220000,META/LNVzC.O
META,META221021C00300000,META/LNVzD.O
META,META221021C00380000,META/LNVzE.O
META,META221021C00155000,META/LNV~B.O
META,META221021C00235000,META/LNV~C.O
META,META221021C00315000,META/LNV~D.O
META,META221028C00145000,META/LNc3B.O
META,META221028C00225000,META/LNc3C.O
META,META221028C00070000,META/LNc7.O
META,META221028C00150000,META/LNc7B.O
META,META221028C00230000,META/LNc7C.O
META,META221028C00080000,META/LNcDB.O
META,META221028C00160000,META/LNcDC.O
META,META221028C00240000,META/LNcDD.O
META,META221028C00085000,META/LNcHB.O
META,META221028C00165000,META/LNcHC.O
META,META221028C00245000,META/LNcHD.O
META,META221028C00090000,META/LNcLB.O
META,META221028C00170000,META/LNcLC.O
META,META221028C00250000,META/LNcLD.O
META,META221028C00095000,META/LNcPB.O
META,META221028C00175000,META/LNcPC.O
META,META221028C00100000,META/LNcTB.O
META,META221028C00180000,META/LNcTC.O
META,META221028C00105000,META/LNcXB.O
META,META221028C00185000,META/LNcXC.O
META,META221028C00110000,META/LNcbB.O
META,META221028C00190000,META/LNcbC.O
META,META221028C00115000,META/LNcfB.O
META,META221028C00195000,META/LNcfC.O
META,META221028C00120000,META/LNcjB.O
META,META221028C00200000,META/LNcjC.O
META,META221028C00125000,META/LNcnB.O
META,META221028C00205000,META/LNcnC.O
META,META221028C00050000,META/LNcr.O
META,META221028C00130000,META/LNcrB.O
META,META221028C00210000,META/LNcrC.O
META,META221028C00135000,META/LNcvB.O
META,META221028C00215000,META/LNcvC.O
META,META221028C00060000,META/LNcz.O
META,META221028C00140000,META/LNczB.O
META,META221028C00220000,META/LNczC.O
META,META221028C00075000,META/LNc~.O
META,META221028C00155000,META/LNc~B.O
META,META221028C00235000,META/LNc~C.O
META,META221007C00172500,META/LNn0rB.O
META,META221007C00152500,META/LNnUfB.O
META,META221007C00157500,META/LNnciB.O
META,META221007C00162500,META/LNnklB.O
META,META221007C00167500,META/LNnsoB.O
META,META221104C00145000,META/LOE3B.O
META,META221104C00225000,META/LOE3C.O
META,META221104C00070000,META/LOE7.O
META,META221104C00150000,META/LOE7B.O
META,META221104C00230000,META/LOE7C.O
META,META221104C00080000,META/LOEDB.O
META,META221104C00160000,META/LOEDC.O
META,META221104C00240000,META/LOEDD.O
META,META221104C00085000,META/LOEHB.O
META,META221104C00165000,META/LOEHC.O
META,META221104C00245000,META/LOEHD.O
META,META221104C00090000,META/LOELB.O
META,META221104C00170000,META/LOELC.O
META,META221104C00250000,META/LOELD.O
META,META221104C00095000,META/LOEPB.O
META,META221104C00175000,META/LOEPC.O
META,META221104C00100000,META/LOETB.O
META,META221104C00180000,META/LOETC.O
META,META221104C00105000,META/LOEXB.O
META,META221104C00185000,META/LOEXC.O
META,META221104C00110000,META/LOEbB.O
META,META221104C00190000,META/LOEbC.O
META,META221104C00115000,META/LOEfB.O
META,META221104C00195000,META/LOEfC.O
META,META221104C00120000,META/LOEjB.O
META,META221104C00200000,META/LOEjC.O
META,META221104C00125000,META/LOEnB.O
META,META221104C00205000,META/LOEnC.O
META,META221104C00050000,META/LOEr.O
META,META221104C00130000,META/LOErB.O
META,META221104C00210000,META/LOErC.O
META,META221104C00135000,META/LOEvB.O
META,META221104C00215000,META/LOEvC.O
META,META221104C00060000,META/LOEz.O
META,META221104C00140000,META/LOEzB.O
META,META221104C00220000,META/LOEzC.O
META,META221104C00075000,META/LOE~.O
META,META221104C00155000,META/LOE~B.O
META,META221104C00235000,META/LOE~C.O
META,META221118C00065000,META/LOS3.O
META,META221118C00145000,META/LOS3B.O
META,META221118C00225000,META/LOS3C.O
META,META221118C00305000,META/LOS3D.O
META,META221118C00385000,META/LOS3E.O
META,META221118C00070000,META/LOS7.O
META,META221118C00150000,META/LOS7B.O
META,META221118C00230000,META/LOS7C.O
META,META221118C00310000,META/LOS7D.O
META,META221118C00390000,META/LOS7E.O
META,META221118C00080000,META/LOSDB.O
META,META221118C00160000,META/LOSDC.O
META,META221118C00240000,META/LOSDD.O
META,META221118C00320000,META/LOSDE.O
META,META221118C00400000,META/LOSDF.O
META,META221118C00085000,META/LOSHB.O
META,META221118C00165000,META/LOSHC.O
META,META221118C00245000,META/LOSHD.O
META,META221118C00325000,META/LOSHE.O
META,META221118C00405000,META/LOSHF.O
META,META221118C00090000,META/LOSLB.O
META,META221118C00170000,META/LOSLC.O
META,META221118C00250000,META/LOSLD.O
META,META221118C00330000,META/LOSLE.O
META,META221118C00410000,META/LOSLF.O
META,META221118C00095000,META/LOSPB.O
META,META221118C00175000,META/LOSPC.O
META,META221118C00255000,META/LOSPD.O
META,META221118C00335000,META/LOSPE.O
META,META221118C00415000,META/LOSPF.O
META,META221118C00100000,META/LOSTB.O
META,META221118C00180000,META/LOSTC.O
META,META221118C00260000,META/LOSTD.O
META,META221118C00340000,META/LOSTE.O
META,META221118C00420000,META/LOSTF.O
META,META221118C00105000,META/LOSXB.O
META,META221118C00185000,META/LOSXC.O
META,META221118C00265000,META/LOSXD.O
META,META221118C00345000,META/LOSXE.O
META,META221118C00425000,META/LOSXF.O
META,META221118C00110000,META/LOSbB.O
META,META221118C00190000,META/LOSbC.O
META,META221118C00270000,META/LOSbD.O
META,META221118C00350000,META/LOSbE.O
META,META221118C00430000,META/LOSbF.O
META,META221118C00115000,META/LOSfB.O
META,META221118C00195000,META/LOSfC.O
META,META221118C00275000,META/LOSfD.O
META,META221118C00355000,META/LOSfE.O
META,META221118C00435000,META/LOSfF.O
META,META221118C00120000,META/LOSjB.O
META,META221118C00200000,META/LOSjC.O
META,META221118C00280000,META/LOSjD.O
META,META221118C00360000,META/LOSjE.O
META,META221118C00440000,META/LOSjF.O
META,META221118C00125000,META/LOSnB.O
META,META221118C00205000,META/LOSnC.O
META,META221118C00285000,META/LOSnD.O
META,META221118C00365000,META/LOSnE.O
META,META221118C00445000,META/LOSnF.O
META,META221118C00050000,META/LOSr.O
META,META221118C00130000,META/LOSrB.O
META,META221118C00210000,META/LOSrC.O
META,META221118C00290000,META/LOSrD.O
META,META221118C00370000,META/LOSrE.O
META,META221118C00450000,META/LOSrF.O
META,META221118C00055000,META/LOSv.O
META,META221118C00135000,META/LOSvB.O
META,META221118C00215000,META/LOSvC.O
META,META221118C00295000,META/LOSvD.O
META,META221118C00375000,META/LOSvE.O
META,META221118C00060000,META/LOSz.O
META,META221118C00140000,META/LOSzB.O
META,META221118C00220000,META/LOSzC.O
META,META221118C00300000,META/LOSzD.O
META,META221118C00380000,META/LOSzE.O
META,META221118C00075000,META/LOS~.O
META,META221118C00155000,META/LOS~B.O
META,META221118C00235000,META/LOS~C.O
META,META221118C00315000,META/LOS~D.O
META,META221118C00395000,META/LOS~E.O
META,META221216C00145000,META/LPQ3B.O
META,META221216C00225000,META/LPQ3C.O
META,META221216C00305000,META/LPQ3D.O
META,META221216C00385000,META/LPQ3E.O
META,META221216C00070000,META/LPQ7.O
META,META221216C00150000,META/LPQ7B.O
META,META221216C00230000,META/LPQ7C.O
META,META221216C00310000,META/LPQ7D.O
META,META221216C00390000,META/LPQ7E.O
META,META221216C00080000,META/LPQDB.O
META,META221216C00160000,META/LPQDC.O
META,META221216C00240000,META/LPQDD.O
META,META221216C00320000,META/LPQDE.O
META,META221216C00085000,META/LPQHB.O
META,META221216C00165000,META/LPQHC.O
META,META221216C00245000,META/LPQHD.O
META,META221216C00325000,META/LPQHE.O
META,META221216C00090000,META/LPQLB.O
META,META221216C00170000,META/LPQLC.O
META,META221216C00250000,META/LPQLD.O
META,META221216C00330000,META/LPQLE.O
META,META221216C00095000,META/LPQPB.O
META,META221216C00175000,META/LPQPC.O
META,META221216C00255000,META/LPQPD.O
META,META221216C00335000,META/LPQPE.O
META,META221216C00100000,META/LPQTB.O
META,META221216C00180000,META/LPQTC.O
META,META221216C00260000,META/LPQTD.O
META,META221216C00340000,META/LPQTE.O
META,META221216C00105000,META/LPQXB.O
META,META221216C00185000,META/LPQXC.O
META,META221216C00265000,META/LPQXD.O
META,META221216C00345000,META/LPQXE.O
META,META221216C00110000,META/LPQbB.O
META,META221216C00190000,META/LPQbC.O
META,META221216C00270000,META/LPQbD.O
META,META221216C00350000,META/LPQbE.O
META,META221216C00115000,META/LPQfB.O
META,META221216C00195000,META/LPQfC.O
META,META221216C00275000,META/LPQfD.O
META,META221216C00355000,META/LPQfE.O
META,META221216C00120000,META/LPQjB.O
META,META221216C00200000,META/LPQjC.O
META,META221216C00280000,META/LPQjD.O
META,META221216C00360000,META/LPQjE.O
META,META221216C00125000,META/LPQnB.O
META,META221216C00205000,META/LPQnC.O
META,META221216C00285000,META/LPQnD.O
META,META221216C00365000,META/LPQnE.O
META,META221216C00050000,META/LPQr.O
META,META221216C00130000,META/LPQrB.O
META,META221216C00210000,META/LPQrC.O
META,META221216C00290000,META/LPQrD.O
META,META221216C00370000,META/LPQrE.O
META,META221216C00135000,META/LPQvB.O
META,META221216C00215000,META/LPQvC.O
META,META221216C00295000,META/LPQvD.O
META,META221216C00375000,META/LPQvE.O
META,META221216C00060000,META/LPQz.O
META,META221216C00140000,META/LPQzB.O
META,META221216C00220000,META/LPQzC.O
META,META221216C00300000,META/LPQzD.O
META,META221216C00380000,META/LPQzE.O
META,META221216C00075000,META/LPQ~.O
META,META221216C00155000,META/LPQ~B.O
META,META221216C00235000,META/LPQ~C.O
META,META221216C00315000,META/LPQ~D.O
META,META221216C00395000,META/LPQ~E.O
META,META220930P00172500,META/LY^0rB.O
META,META220930P00177500,META/LY^8uB.O
META,META220930P00182500,META/LY^EyB.O
META,META220930P00187500,META/LY^M1B.O
META,META220930P00192500,META/LY^U4B.O
META,META220930P00152500,META/LY^UfB.O
META,META220930P00157500,META/LY^ciB.O
META,META220930P00162500,META/LY^klB.O
META,META220930P00167500,META/LY^soB.O
META,META220930P00141000,META/LYe0I.O
META,META220930P00145000,META/LYe3B.O
META,META220930P00225000,META/LYe3C.O
META,META220930P00126000,META/LYe4H.O
META,META220930P00142000,META/LYe4I.O
META,META220930P00070000,META/LYe7.O
META,META220930P00150000,META/LYe7B.O
META,META220930P00230000,META/LYe7C.O
META,META220930P00127000,META/LYe8H.O
META,META220930P00143000,META/LYe8I.O
META,META220930P00128000,META/LYeAI.O
META,META220930P00144000,META/LYeAJ.O
META,META220930P00080000,META/LYeDB.O
META,META220930P00160000,META/LYeDC.O
META,META220930P00240000,META/LYeDD.O
META,META220930P00129000,META/LYeEI.O
META,META220930P00085000,META/LYeHB.O
META,META220930P00165000,META/LYeHC.O
META,META220930P00245000,META/LYeHD.O
META,META220930P00146000,META/LYeIJ.O
META,META220930P00090000,META/LYeLB.O
META,META220930P00170000,META/LYeLC.O
META,META220930P00250000,META/LYeLD.O
META,META220930P00131000,META/LYeMI.O
META,META220930P00147000,META/LYeMJ.O
META,META220930P00095000,META/LYePB.O
META,META220930P00175000,META/LYePC.O
META,META220930P00116000,META/LYeQH.O
META,META220930P00132000,META/LYeQI.O
META,META220930P00148000,META/LYeQJ.O
META,META220930P00100000,META/LYeTB.O
META,META220930P00180000,META/LYeTC.O
META,META220930P00117000,META/LYeUH.O
META,META220930P00133000,META/LYeUI.O
META,META220930P00149000,META/LYeUJ.O
META,META220930P00105000,META/LYeXB.O
META,META220930P00185000,META/LYeXC.O
META,META220930P00118000,META/LYeYH.O
META,META220930P00134000,META/LYeYI.O
META,META220930P00110000,META/LYebB.O
META,META220930P00190000,META/LYebC.O
META,META220930P00119000,META/LYecH.O
META,META220930P00115000,META/LYefB.O
META,META220930P00195000,META/LYefC.O
META,META220930P00136000,META/LYegI.O
META,META220930P00120000,META/LYejB.O
META,META220930P00200000,META/LYejC.O
META,META220930P00121000,META/LYekH.O
META,META220930P00137000,META/LYekI.O
META,META220930P00125000,META/LYenB.O
META,META220930P00205000,META/LYenC.O
META,META220930P00122000,META/LYeoH.O
META,META220930P00138000,META/LYeoI.O
META,META220930P00050000,META/LYer.O
META,META220930P00130000,META/LYerB.O
META,META220930P00210000,META/LYerC.O
META,META220930P00123000,META/LYesH.O
META,META220930P00139000,META/LYesI.O
META,META220930P00135000,META/LYevB.O
META,META220930P00215000,META/LYevC.O
META,META220930P00124000,META/LYewH.O
META,META220930P00060000,META/LYez.O
META,META220930P00140000,META/LYezB.O
META,META220930P00220000,META/LYezC.O
META,META220930P00155000,META/LYe~B.O
META,META220930P00235000,META/LYe~C.O
META,META221021P00172500,META/LZ10rB.O
META,META221021P00152500,META/LZ1UfB.O
META,META221021P00157500,META/LZ1ciB.O
META,META221021P00162500,META/LZ1klB.O
META,META221021P00167500,META/LZ1soB.O
META,META221007P00141000,META/LZH0I.O
META,META221007P00145000,META/LZH3B.O
META,META221007P00225000,META/LZH3C.O
META,META221007P00142000,META/LZH4I.O
META,META221007P00070000,META/LZH7.O
META,META221007P00150000,META/LZH7B.O
META,META221007P00230000,META/LZH7C.O
META,META221007P00143000,META/LZH8I.O
META,META221007P00144000,META/LZHAJ.O
META,META221007P00080000,META/LZHDB.O
META,META221007P00160000,META/LZHDC.O
META,META221007P00240000,META/LZHDD.O
META,META221007P00085000,META/LZHHB.O
META,META221007P00165000,META/LZHHC.O
META,META221007P00245000,META/LZHHD.O
META,META221007P00146000,META/LZHIJ.O
META,META221007P00090000,META/LZHLB.O
META,META221007P00170000,META/LZHLC.O
META,META221007P00250000,META/LZHLD.O
META,META221007P00147000,META/LZHMJ.O
META,META221007P00095000,META/LZHPB.O
META,META221007P00175000,META/LZHPC.O
META,META221007P00132000,META/LZHQI.O
META,META221007P00148000,META/LZHQJ.O
META,META221007P00100000,META/LZHTB.O
META,META221007P00180000,META/LZHTC.O
META,META221007P00133000,META/LZHUI.O
META,META221007P00149000,META/LZHUJ.O
META,META221007P00105000,META/LZHXB.O
META,META221007P00185000,META/LZHXC.O
META,META221007P00134000,META/LZHYI.O
META,META221007P00110000,META/LZHbB.O
META,META221007P00190000,META/LZHbC.O
META,META221007P00115000,META/LZHfB.O
META,META221007P00195000,META/LZHfC.O
META,META221007P00136000,META/LZHgI.O
META,META221007P00120000,META/LZHjB.O
META,META221007P00200000,META/LZHjC.O
META,META221007P00137000,META/LZHkI.O
META,META221007P00125000,META/LZHnB.O
META,META221007P00205000,META/LZHnC.O
META,META221007P00138000,META/LZHoI.O
META,META221007P00050000,META/LZHr.O
META,META221007P00130000,META/LZHrB.O
META,META221007P00210000,META/LZHrC.O
META,META221007P00139000,META/LZHsI.O
META,META221007P00135000,META/LZHvB.O
META,META221007P00215000,META/LZHvC.O
META,META221007P00060000,META/LZHz.O
META,META221007P00140000,META/LZHzB.O
META,META221007P00220000,META/LZHzC.O
META,META221007P00075000,META/LZH~.O
META,META221007P00155000,META/LZH~B.O
META,META221007P00235000,META/LZH~C.O
META,META221014P00145000,META/LZO3B.O
META,META221014P00225000,META/LZO3C.O
META,META221014P00070000,META/LZO7.O
META,META221014P00150000,META/LZO7B.O
META,META221014P00230000,META/LZO7C.O
META,META221014P00080000,META/LZODB.O
META,META221014P00160000,META/LZODC.O
META,META221014P00240000,META/LZODD.O
META,META221014P00085000,META/LZOHB.O
META,META221014P00165000,META/LZOHC.O
META,META221014P00245000,META/LZOHD.O
META,META221014P00090000,META/LZOLB.O
META,META221014P00170000,META/LZOLC.O
META,META221014P00250000,META/LZOLD.O
META,META221014P00095000,META/LZOPB.O
META,META221014P00175000,META/LZOPC.O
META,META221014P00100000,META/LZOTB.O
META,META221014P00180000,META/LZOTC.O
META,META221014P00105000,META/LZOXB.O
META,META221014P00185000,META/LZOXC.O
META,META221014P00110000,META/LZObB.O
META,META221014P00190000,META/LZObC.O
META,META221014P00115000,META/LZOfB.O
META,META221014P00195000,META/LZOfC.O
META,META221014P00120000,META/LZOjB.O
META,META221014P00200000,META/LZOjC.O
META,META221014P00125000,META/LZOnB.O
META,META221014P00205000,META/LZOnC.O
META,META221014P00050000,META/LZOr.O
META,META221014P00130000,META/LZOrB.O
META,META221014P00210000,META/LZOrC.O
META,META221014P00135000,META/LZOvB.O
META,META221014P00215000,META/LZOvC.O
META,META221014P00060000,META/LZOz.O
META,META221014P00140000,META/LZOzB.O
META,META221014P00220000,META/LZOzC.O
META,META221014P00075000,META/LZO~.O
META,META221014P00155000,META/LZO~B.O
META,META221014P00235000,META/LZO~C.O
META,META221021P00141000,META/LZV0I.O
META,META221021P00145000,META/LZV3B.O
META,META221021P00225000,META/LZV3C.O
META,META221021P00305000,META/LZV3D.O
META,META221021P00142000,META/LZV4I.O
META,META221021P00070000,META/LZV7.O
META,META221021P00150000,META/LZV7B.O
META,META221021P00230000,META/LZV7C.O
META,META221021P00310000,META/LZV7D.O
META,META221021P00390000,META/LZV7E.O
META,META221021P00143000,META/LZV8I.O
META,META221021P00144000,META/LZVAJ.O
META,META221021P00080000,META/LZVDB.O
META,META221021P00160000,META/LZVDC.O
META,META221021P00240000,META/LZVDD.O
META,META221021P00320000,META/LZVDE.O
META,META221021P00400000,META/LZVDF.O
META,META221021P00085000,META/LZVHB.O
META,META221021P00165000,META/LZVHC.O
META,META221021P00245000,META/LZVHD.O
META,META221021P00325000,META/LZVHE.O
META,META221021P00146000,META/LZVIJ.O
META,META221021P00090000,META/LZVLB.O
META,META221021P00170000,META/LZVLC.O
META,META221021P00250000,META/LZVLD.O
META,META221021P00330000,META/LZVLE.O
META,META221021P00410000,META/LZVLF.O
META,META221021P00147000,META/LZVMJ.O
META,META221021P00095000,META/LZVPB.O
META,META221021P00175000,META/LZVPC.O
META,META221021P00255000,META/LZVPD.O
META,META221021P00148000,META/LZVQJ.O
META,META221021P00100000,META/LZVTB.O
META,META221021P00180000,META/LZVTC.O
META,META221021P00260000,META/LZVTD.O
META,META221021P00340000,META/LZVTE.O
META,META221021P00420000,META/LZVTF.O
META,META221021P00149000,META/LZVUJ.O
META,META221021P00105000,META/LZVXB.O
META,META221021P00185000,META/LZVXC.O
META,META221021P00265000,META/LZVXD.O
META,META221021P00110000,META/LZVbB.O
META,META221021P00190000,META/LZVbC.O
META,META221021P00270000,META/LZVbD.O
META,META221021P00350000,META/LZVbE.O
META,META221021P00430000,META/LZVbF.O
META,META221021P00115000,META/LZVfB.O
META,META221021P00195000,META/LZVfC.O
META,META221021P00275000,META/LZVfD.O
META,META221021P00136000,META/LZVgI.O
META,META221021P00120000,META/LZVjB.O
META,META221021P00200000,META/LZVjC.O
META,META221021P00280000,META/LZVjD.O
META,META221021P00360000,META/LZVjE.O
META,META221021P00440000,META/LZVjF.O
META,META221021P00137000,META/LZVkI.O
META,META221021P00125000,META/LZVnB.O
META,META221021P00205000,META/LZVnC.O
META,META221021P00285000,META/LZVnD.O
META,META221021P00138000,META/LZVoI.O
META,META221021P00050000,META/LZVr.O
META,META221021P00130000,META/LZVrB.O
META,META221021P00210000,META/LZVrC.O
META,META221021P00290000,META/LZVrD.O
META,META221021P00370000,META/LZVrE.O
META,META221021P00450000,META/LZVrF.O
META,META221021P00139000,META/LZVsI.O
META,META221021P00135000,META/LZVvB.O
META,META221021P00215000,META/LZVvC.O
META,META221021P00295000,META/LZVvD.O
META,META221021P00060000,META/LZVz.O
META,META221021P00140000,META/LZVzB.O
META,META221021P00220000,META/LZVzC.O
META,META221021P00300000,META/LZVzD.O
META,META221021P00380000,META/LZVzE.O
META,META221021P00155000,META/LZV~B.O
META,META221021P00235000,META/LZV~C.O
META,META221021P00315000,META/LZV~D.O
META,META221028P00145000,META/LZc3B.O
META,META221028P00225000,META/LZc3C.O
META,META221028P00070000,META/LZc7.O
META,META221028P00150000,META/LZc7B.O
META,META221028P00230000,META/LZc7C.O
META,META221028P00080000,META/LZcDB.O
META,META221028P00160000,META/LZcDC.O
META,META221028P00240000,META/LZcDD.O
META,META221028P00085000,META/LZcHB.O
META,META221028P00165000,META/LZcHC.O
META,META221028P00245000,META/LZcHD.O
META,META221028P00090000,META/LZcLB.O
META,META221028P00170000,META/LZcLC.O
META,META221028P00250000,META/LZcLD.O
META,META221028P00095000,META/LZcPB.O
META,META221028P00175000,META/LZcPC.O
META,META221028P00100000,META/LZcTB.O
META,META221028P00180000,META/LZcTC.O
META,META221028P00105000,META/LZcXB.O
META,META221028P00185000,META/LZcXC.O
META,META221028P00110000,META/LZcbB.O
META,META221028P00190000,META/LZcbC.O
META,META221028P00115000,META/LZcfB.O
META,META221028P00195000,META/LZcfC.O
META,META221028P00120000,META/LZcjB.O
META,META221028P00200000,META/LZcjC.O
META,META221028P00125000,META/LZcnB.O
META,META221028P00205000,META/LZcnC.O
META,META221028P00050000,META/LZcr.O
META,META221028P00130000,META/LZcrB.O
META,META221028P00210000,META/LZcrC.O
META,META221028P00135000,META/LZcvB.O
META,META221028P00215000,META/LZcvC.O
META,META221028P00060000,META/LZcz.O
META,META221028P00140000,META/LZczB.O
META,META221028P00220000,META/LZczC.O
META,META221028P00075000,META/LZc~.O
META,META221028P00155000,META/LZc~B.O
META,META221028P00235000,META/LZc~C.O
META,META221007P00172500,META/LZn0rB.O
META,META221007P00152500,META/LZnUfB.O
META,META221007P00157500,META/LZnciB.O
META,META221007P00162500,META/LZnklB.O
META,META221007P00167500,META/LZnsoB.O
META,META221104P00145000,META/LaE3B.O
META,META221104P00225000,META/LaE3C.O
META,META221104P00070000,META/LaE7.O
META,META221104P00150000,META/LaE7B.O
META,META221104P00230000,META/LaE7C.O
META,META221104P00080000,META/LaEDB.O
META,META221104P00160000,META/LaEDC.O
META,META221104P00240000,META/LaEDD.O
META,META221104P00085000,META/LaEHB.O
META,META221104P00165000,META/LaEHC.O
META,META221104P00245000,META/LaEHD.O
META,META221104P00090000,META/LaELB.O
META,META221104P00170000,META/LaELC.O
META,META221104P00250000,META/LaELD.O
META,META221104P00095000,META/LaEPB.O
META,META221104P00175000,META/LaEPC.O
META,META221104P00100000,META/LaETB.O
META,META221104P00180000,META/LaETC.O
META,META221104P00105000,META/LaEXB.O
META,META221104P00185000,META/LaEXC.O
META,META221104P00110000,META/LaEbB.O
META,META221104P00190000,META/LaEbC.O
META,META221104P00115000,META/LaEfB.O
META,META221104P00195000,META/LaEfC.O
META,META221104P00120000,META/LaEjB.O
META,META221104P00200000,META/LaEjC.O
META,META221104P00125000,META/LaEnB.O
META,META221104P00205000,META/LaEnC.O
META,META221104P00050000,META/LaEr.O
META,META221104P00130000,META/LaErB.O
META,META221104P00210000,META/LaErC.O
META,META221104P00135000,META/LaEvB.O
META,META221104P00215000,META/LaEvC.O
META,META221104P00060000,META/LaEz.O
META,META221104P00140000,META/LaEzB.O
META,META221104P00220000,META/LaEzC.O
META,META221104P00075000,META/LaE~.O
META,META221104P00155000,META/LaE~B.O
META,META221104P00235000,META/LaE~C.O
META,META221118P00065000,META/LaS3.O
META,META221118P00145000,META/LaS3B.O
META,META221118P00225000,META/LaS3C.O
META,META221118P00305000,META/LaS3D.O
META,META221118P00385000,META/LaS3E.O
META,META221118P00070000,META/LaS7.O
META,META221118P00150000,META/LaS7B.O
META,META221118P00230000,META/LaS7C.O
META,META221118P00310000,META/LaS7D.O
META,META221118P00390000,META/LaS7E.O
META,META221118P00080000,META/LaSDB.O
META,META221118P00160000,META/LaSDC.O
META,META221118P00240000,META/LaSDD.O
META,META221118P00320000,META/LaSDE.O
META,META221118P00400000,META/LaSDF.O
META,META221118P00085000,META/LaSHB.O
META,META221118P00165000,META/LaSHC.O
META,META221118P00245000,META/LaSHD.O
META,META221118P00325000,META/LaSHE.O
META,META221118P00405000,META/LaSHF.O
META,META221118P00090000,META/LaSLB.O
META,META221118P00170000,META/LaSLC.O
META,META221118P00250000,META/LaSLD.O
META,META221118P00330000,META/LaSLE.O
META,META221118P00410000,META/LaSLF.O
META,META221118P00095000,META/LaSPB.O
META,META221118P00175000,META/LaSPC.O
META,META221118P00255000,META/LaSPD.O
META,META221118P00335000,META/LaSPE.O
META,META221118P00415000,META/LaSPF.O
META,META221118P00100000,META/LaSTB.O
META,META221118P00180000,META/LaSTC.O
META,META221118P00260000,META/LaSTD.O
META,META221118P00340000,META/LaSTE.O
META,META221118P00420000,META/LaSTF.O
META,META221118P00105000,META/LaSXB.O
META,META221118P00185000,META/LaSXC.O
META,META221118P00265000,META/LaSXD.O
META,META221118P00345000,META/LaSXE.O
META,META221118P00425000,META/LaSXF.O
META,META221118P00110000,META/LaSbB.O
META,META221118P00190000,META/LaSbC.O
META,META221118P00270000,META/LaSbD.O
META,META221118P00350000,META/LaSbE.O
META,META221118P00430000,META/LaSbF.O
META,META221118P00115000,META/LaSfB.O
META,META221118P00195000,META/LaSfC.O
META,META221118P00275000,META/LaSfD.O
META,META221118P00355000,META/LaSfE.O
META,META221118P00435000,META/LaSfF.O
META,META221118P00120000,META/LaSjB.O
META,META221118P00200000,META/LaSjC.O
META,META221118P00280000,META/LaSjD.O
META,META221118P00360000,META/LaSjE.O
META,META221118P00440000,META/LaSjF.O
META,META221118P00125000,META/LaSnB.O
META,META221118P00205000,META/LaSnC.O
META,META221118P00285000,META/LaSnD.O
META,META221118P00365000,META/LaSnE.O
META,META221118P00445000,META/LaSnF.O
META,META221118P00050000,META/LaSr.O
META,META221118P00130000,META/LaSrB.O
META,META221118P00210000,META/LaSrC.O
META,META221118P00290000,META/LaSrD.O
META,META221118P00370000,META/LaSrE.O
META,META221118P00450000,META/LaSrF.O
META,META221118P00055000,META/LaSv.O
META,META221118P00135000,META/LaSvB.O
META,META221118P00215000,META/LaSvC.O
META,META221118P00295000,META/LaSvD.O
META,META221118P00375000,META/LaSvE.O
META,META221118P00060000,META/LaSz.O
META,META221118P00140000,META/LaSzB.O
META,META221118P00220000,META/LaSzC.O
META,META221118P00300000,META/LaSzD.O
META,META221118P00380000,META/LaSzE.O
META,META221118P00075000,META/LaS~.O
META,META221118P00155000,META/LaS~B.O
META,META221118P00235000,META/LaS~C.O
META,META221118P00315000,META/LaS~D.O
META,META221118P00395000,META/LaS~E.O
META,META221216P00145000,META/LbQ3B.O
META,META221216P00225000,META/LbQ3C.O
META,META221216P00305000,META/LbQ3D.O
META,META221216P00385000,META/LbQ3E.O
META,META221216P00070000,META/LbQ7.O
META,META221216P00150000,META/LbQ7B.O
META,META221216P00230000,META/LbQ7C.O
META,META221216P00310000,META/LbQ7D.O
META,META221216P00390000,META/LbQ7E.O
META,META221216P00080000,META/LbQDB.O
META,META221216P00160000,META/LbQDC.O
META,META221216P00240000,META/LbQDD.O
META,META221216P00320000,META/LbQDE.O
META,META221216P00085000,META/LbQHB.O
META,META221216P00165000,META/LbQHC.O
META,META221216P00245000,META/LbQHD.O
META,META221216P00325000,META/LbQHE.O
META,META221216P00090000,META/LbQLB.O
META,META221216P00170000,META/LbQLC.O
META,META221216P00250000,META/LbQLD.O
META,META221216P00330000,META/LbQLE.O
META,META221216P00095000,META/LbQPB.O
META,META221216P00175000,META/LbQPC.O
META,META221216P00255000,META/LbQPD.O
META,META221216P00335000,META/LbQPE.O
META,META221216P00100000,META/LbQTB.O
META,META221216P00180000,META/LbQTC.O
META,META221216P00260000,META/LbQTD.O
META,META221216P00340000,META/LbQTE.O
META,META221216P00105000,META/LbQXB.O
META,META221216P00185000,META/LbQXC.O
META,META221216P00265000,META/LbQXD.O
META,META221216P00345000,META/LbQXE.O
META,META221216P00110000,META/LbQbB.O
META,META221216P00190000,META/LbQbC.O
META,META221216P00270000,META/LbQbD.O
META,META221216P00350000,META/LbQbE.O
META,META221216P00115000,META/LbQfB.O
META,META221216P00195000,META/LbQfC.O
META,META221216P00275000,META/LbQfD.O
META,META221216P00355000,META/LbQfE.O
META,META221216P00120000,META/LbQjB.O
META,META221216P00200000,META/LbQjC.O
META,META221216P00280000,META/LbQjD.O
META,META221216P00360000,META/LbQjE.O
META,META221216P00125000,META/LbQnB.O
META,META221216P00205000,META/LbQnC.O
META,META221216P00285000,META/LbQnD.O
META,META221216P00365000,META/LbQnE.O
META,META221216P00050000,META/LbQr.O
META,META221216P00130000,META/LbQrB.O
META,META221216P00210000,META/LbQrC.O
META,META221216P00290000,META/LbQrD.O
META,META221216P00370000,META/LbQrE.O
META,META221216P00135000,META/LbQvB.O
META,META221216P00215000,META/LbQvC.O
META,META221216P00295000,META/LbQvD.O
META,META221216P00375000,META/LbQvE.O
META,META221216P00060000,META/LbQz.O
META,META221216P00140000,META/LbQzB.O
META,META221216P00220000,META/LbQzC.O
META,META221216P00300000,META/LbQzD.O
META,META221216P00380000,META/LbQzE.O
META,META221216P00075000,META/LbQ~.O
META,META221216P00155000,META/LbQ~B.O
META,META221216P00235000,META/LbQ~C.O
META,META221216P00315000,META/LbQ~D.O
META,META221216P00395000,META/LbQ~E.O
META,META230120C00065000,META/LkU3.O
META,META230120C00145000,META/LkU3B.O
META,META230120C00305000,META/LkU3D.O
META,META230120C00385000,META/LkU3E.O
META,META230120C00070000,META/LkU7.O
META,META230120C00150000,META/LkU7B.O
META,META230120C00230000,META/LkU7C.O
META,META230120C00310000,META/LkU7D.O
META,META230120C00390000,META/LkU7E.O
META,META230120C00470000,META/LkU7F.O
META,META230120C00550000,META/LkU7G.O
META,META230120C00080000,META/LkUDB.O
META,META230120C00160000,META/LkUDC.O
META,META230120C00240000,META/LkUDD.O
META,META230120C00320000,META/LkUDE.O
META,META230120C00400000,META/LkUDF.O
META,META230120C00480000,META/LkUDG.O
META,META230120C00560000,META/LkUDH.O
META,META230120C00005000,META/LkUH.O
META,META230120C00085000,META/LkUHB.O
META,META230120C00165000,META/LkUHC.O
META,META230120C00245000,META/LkUHD.O
META,META230120C00325000,META/LkUHE.O
META,META230120C00405000,META/LkUHF.O
META,META230120C00010000,META/LkUL.O
META,META230120C00090000,META/LkULB.O
META,META230120C00170000,META/LkULC.O
META,META230120C00250000,META/LkULD.O
META,META230120C00330000,META/LkULE.O
META,META230120C00410000,META/LkULF.O
META,META230120C00490000,META/LkULG.O
META,META230120C00570000,META/LkULH.O
META,META230120C00650000,META/LkULI.O
META,META230120C00015000,META/LkUP.O
META,META230120C00095000,META/LkUPB.O
META,META230120C00175000,META/LkUPC.O
META,META230120C00255000,META/LkUPD.O
META,META230120C00335000,META/LkUPE.O
META,META230120C00415000,META/LkUPF.O
META,META230120C00020000,META/LkUT.O
META,META230120C00100000,META/LkUTB.O
META,META230120C00180000,META/LkUTC.O
META,META230120C00260000,META/LkUTD.O
META,META230120C00340000,META/LkUTE.O
META,META230120C00420000,META/LkUTF.O
META,META230120C00500000,META/LkUTG.O
META,META230120C00580000,META/LkUTH.O
META,META230120C00025000,META/LkUX.O
META,META230120C00105000,META/LkUXB.O
META,META230120C00185000,META/LkUXC.O
META,META230120C00265000,META/LkUXD.O
META,META230120C00345000,META/LkUXE.O
META,META230120C00425000,META/LkUXF.O
META,META230120C00030000,META/LkUb.O
META,META230120C00110000,META/LkUbB.O
META,META230120C00190000,META/LkUbC.O
META,META230120C00270000,META/LkUbD.O
META,META230120C00350000,META/LkUbE.O
META,META230120C00430000,META/LkUbF.O
META,META230120C00510000,META/LkUbG.O
META,META230120C00590000,META/LkUbH.O
META,META230120C00035000,META/LkUf.O
META,META230120C00115000,META/LkUfB.O
META,META230120C00195000,META/LkUfC.O
META,META230120C00275000,META/LkUfD.O
META,META230120C00355000,META/LkUfE.O
META,META230120C00435000,META/LkUfF.O
META,META230120C00040000,META/LkUj.O
META,META230120C00120000,META/LkUjB.O
META,META230120C00200000,META/LkUjC.O
META,META230120C00280000,META/LkUjD.O
META,META230120C00360000,META/LkUjE.O
META,META230120C00440000,META/LkUjF.O
META,META230120C00520000,META/LkUjG.O
META,META230120C00600000,META/LkUjH.O
META,META230120C00045000,META/LkUn.O
META,META230120C00125000,META/LkUnB.O
META,META230120C00285000,META/LkUnD.O
META,META230120C00365000,META/LkUnE.O
META,META230120C00445000,META/LkUnF.O
META,META230120C00050000,META/LkUr.O
META,META230120C00130000,META/LkUrB.O
META,META230120C00210000,META/LkUrC.O
META,META230120C00290000,META/LkUrD.O
META,META230120C00370000,META/LkUrE.O
META,META230120C00450000,META/LkUrF.O
META,META230120C00530000,META/LkUrG.O
META,META230120C00055000,META/LkUv.O
META,META230120C00135000,META/LkUvB.O
META,META230120C00295000,META/LkUvD.O
META,META230120C00375000,META/LkUvE.O
META,META230120C00060000,META/LkUz.O
META,META230120C00140000,META/LkUzB.O
META,META230120C00220000,META/LkUzC.O
META,META230120C00300000,META/LkUzD.O
META,META230120C00380000,META/LkUzE.O
META,META230120C00460000,META/LkUzF.O
META,META230120C00540000,META/LkUzG.O
META,META230120C00700000,META/LkUzI.O
META,META230120C00075000,META/LkU~.O
META,META230120C00155000,META/LkU~B.O
META,META230120C00235000,META/LkU~C.O
META,META230120C00315000,META/LkU~D.O
META,META230120C00395000,META/LkU~E.O
META,META230217C00145000,META/LlR3B.O
META,META230217C00225000,META/LlR3C.O
META,META230217C00150000,META/LlR7B.O
META,META230217C00230000,META/LlR7C.O
META,META230217C00080000,META/LlRDB.O
META,META230217C00160000,META/LlRDC.O
META,META230217C00240000,META/LlRDD.O
META,META230217C00085000,META/LlRHB.O
META,META230217C00165000,META/LlRHC.O
META,META230217C00245000,META/LlRHD.O
META,META230217C00090000,META/LlRLB.O
META,META230217C00170000,META/LlRLC.O
META,META230217C00250000,META/LlRLD.O
META,META230217C00095000,META/LlRPB.O
META,META230217C00175000,META/LlRPC.O
META,META230217C00255000,META/LlRPD.O
META,META230217C00100000,META/LlRTB.O
META,META230217C00180000,META/LlRTC.O
META,META230217C00260000,META/LlRTD.O
META,META230217C00105000,META/LlRXB.O
META,META230217C00185000,META/LlRXC.O
META,META230217C00265000,META/LlRXD.O
META,META230217C00110000,META/LlRbB.O
META,META230217C00190000,META/LlRbC.O
META,META230217C00270000,META/LlRbD.O
META,META230217C00115000,META/LlRfB.O
META,META230217C00195000,META/LlRfC.O
META,META230217C00275000,META/LlRfD.O
META,META230217C00120000,META/LlRjB.O
META,META230217C00200000,META/LlRjC.O
META,META230217C00280000,META/LlRjD.O
META,META230217C00125000,META/LlRnB.O
META,META230217C00205000,META/LlRnC.O
META,META230217C00285000,META/LlRnD.O
META,META230217C00130000,META/LlRrB.O
META,META230217C00210000,META/LlRrC.O
META,META230217C00290000,META/LlRrD.O
META,META230217C00135000,META/LlRvB.O
META,META230217C00215000,META/LlRvC.O
META,META230217C00295000,META/LlRvD.O
META,META230217C00140000,META/LlRzB.O
META,META230217C00220000,META/LlRzC.O
META,META230217C00300000,META/LlRzD.O
META,META230217C00075000,META/LlR~.O
META,META230217C00155000,META/LlR~B.O
META,META230217C00235000,META/LlR~C.O
META,META230317C00065000,META/LmR3.O
META,META230317C00145000,META/LmR3B.O
META,META230317C00225000,META/LmR3C.O
META,META230317C00305000,META/LmR3D.O
META,META230317C00070000,META/LmR7.O
META,META230317C00150000,META/LmR7B.O
META,META230317C00230000,META/LmR7C.O
META,META230317C00310000,META/LmR7D.O
META,META230317C00390000,META/LmR7E.O
META,META230317C00470000,META/LmR7F.O
META,META230317C00550000,META/LmR7G.O
META,META230317C00630000,META/LmR7H.O
META,META230317C00080000,META/LmRDB.O
META,META230317C00160000,META/LmRDC.O
META,META230317C00240000,META/LmRDD.O
META,META230317C00320000,META/LmRDE.O
META,META230317C00400000,META/LmRDF.O
META,META230317C00480000,META/LmRDG.O
META,META230317C00560000,META/LmRDH.O
META,META230317C00640000,META/LmRDI.O
META,META230317C00005000,META/LmRH.O
META,META230317C00085000,META/LmRHB.O
META,META230317C00165000,META/LmRHC.O
META,META230317C00245000,META/LmRHD.O
META,META230317C00325000,META/LmRHE.O
META,META230317C00010000,META/LmRL.O
META,META230317C00090000,META/LmRLB.O
META,META230317C00170000,META/LmRLC.O
META,META230317C00250000,META/LmRLD.O
META,META230317C00330000,META/LmRLE.O
META,META230317C00410000,META/LmRLF.O
META,META230317C00490000,META/LmRLG.O
META,META230317C00570000,META/LmRLH.O
META,META230317C00650000,META/LmRLI.O
META,META230317C00015000,META/LmRP.O
META,META230317C00095000,META/LmRPB.O
META,META230317C00175000,META/LmRPC.O
META,META230317C00255000,META/LmRPD.O
META,META230317C00335000,META/LmRPE.O
META,META230317C00020000,META/LmRT.O
META,META230317C00100000,META/LmRTB.O
META,META230317C00180000,META/LmRTC.O
META,META230317C00260000,META/LmRTD.O
META,META230317C00340000,META/LmRTE.O
META,META230317C00420000,META/LmRTF.O
META,META230317C00500000,META/LmRTG.O
META,META230317C00580000,META/LmRTH.O
META,META230317C00025000,META/LmRX.O
META,META230317C00105000,META/LmRXB.O
META,META230317C00185000,META/LmRXC.O
META,META230317C00265000,META/LmRXD.O
META,META230317C00030000,META/LmRb.O
META,META230317C00110000,META/LmRbB.O
META,META230317C00190000,META/LmRbC.O
META,META230317C00270000,META/LmRbD.O
META,META230317C00350000,META/LmRbE.O
META,META230317C00430000,META/LmRbF.O
META,META230317C00510000,META/LmRbG.O
META,META230317C00590000,META/LmRbH.O
META,META230317C00035000,META/LmRf.O
META,META230317C00115000,META/LmRfB.O
META,META230317C00195000,META/LmRfC.O
META,META230317C00275000,META/LmRfD.O
META,META230317C00040000,META/LmRj.O
META,META230317C00120000,META/LmRjB.O
META,META230317C00200000,META/LmRjC.O
META,META230317C00280000,META/LmRjD.O
META,META230317C00360000,META/LmRjE.O
META,META230317C00440000,META/LmRjF.O
META,META230317C00520000,META/LmRjG.O
META,META230317C00600000,META/LmRjH.O
META,META230317C00045000,META/LmRn.O
META,META230317C00125000,META/LmRnB.O
META,META230317C00205000,META/LmRnC.O
META,META230317C00285000,META/LmRnD.O
META,META230317C00050000,META/LmRr.O
META,META230317C00130000,META/LmRrB.O
META,META230317C00210000,META/LmRrC.O
META,META230317C00290000,META/LmRrD.O
META,META230317C00370000,META/LmRrE.O
META,META230317C00450000,META/LmRrF.O
META,META230317C00530000,META/LmRrG.O
META,META230317C00610000,META/LmRrH.O
META,META230317C00055000,META/LmRv.O
META,META230317C00135000,META/LmRvB.O
META,META230317C00215000,META/LmRvC.O
META,META230317C00295000,META/LmRvD.O
META,META230317C00060000,META/LmRz.O
META,META230317C00140000,META/LmRzB.O
META,META230317C00220000,META/LmRzC.O
META,META230317C00300000,META/LmRzD.O
META,META230317C00380000,META/LmRzE.O
META,META230317C00460000,META/LmRzF.O
META,META230317C00540000,META/LmRzG.O
META,META230317C00620000,META/LmRzH.O
META,META230317C00075000,META/LmR~.O
META,META230317C00155000,META/LmR~B.O
META,META230317C00235000,META/LmR~C.O
META,META230317C00315000,META/LmR~D.O
META,META230616C00065000,META/LpQ3.O
META,META230616C00145000,META/LpQ3B.O
META,META230616C00305000,META/LpQ3D.O
META,META230616C00385000,META/LpQ3E.O
META,META230616C00070000,META/LpQ7.O
META,META230616C00150000,META/LpQ7B.O
META,META230616C00230000,META/LpQ7C.O
META,META230616C00310000,META/LpQ7D.O
META,META230616C00390000,META/LpQ7E.O
META,META230616C00470000,META/LpQ7F.O
META,META230616C00550000,META/LpQ7G.O
META,META230616C00080000,META/LpQDB.O
META,META230616C00160000,META/LpQDC.O
META,META230616C00240000,META/LpQDD.O
META,META230616C00320000,META/LpQDE.O
META,META230616C00400000,META/LpQDF.O
META,META230616C00480000,META/LpQDG.O
META,META230616C00560000,META/LpQDH.O
META,META230616C00005000,META/LpQH.O
META,META230616C00085000,META/LpQHB.O
META,META230616C00165000,META/LpQHC.O
META,META230616C00245000,META/LpQHD.O
META,META230616C00325000,META/LpQHE.O
META,META230616C00405000,META/LpQHF.O
META,META230616C00010000,META/LpQL.O
META,META230616C00090000,META/LpQLB.O
META,META230616C00170000,META/LpQLC.O
META,META230616C00250000,META/LpQLD.O
META,META230616C00330000,META/LpQLE.O
META,META230616C00410000,META/LpQLF.O
META,META230616C00490000,META/LpQLG.O
META,META230616C00570000,META/LpQLH.O
META,META230616C00650000,META/LpQLI.O
META,META230616C00015000,META/LpQP.O
META,META230616C00095000,META/LpQPB.O
META,META230616C00175000,META/LpQPC.O
META,META230616C00255000,META/LpQPD.O
META,META230616C00335000,META/LpQPE.O
META,META230616C00415000,META/LpQPF.O
META,META230616C00020000,META/LpQT.O
META,META230616C00100000,META/LpQTB.O
META,META230616C00180000,META/LpQTC.O
META,META230616C00260000,META/LpQTD.O
META,META230616C00340000,META/LpQTE.O
META,META230616C00420000,META/LpQTF.O
META,META230616C00500000,META/LpQTG.O
META,META230616C00580000,META/LpQTH.O
META,META230616C00025000,META/LpQX.O
META,META230616C00105000,META/LpQXB.O
META,META230616C00185000,META/LpQXC.O
META,META230616C00265000,META/LpQXD.O
META,META230616C00345000,META/LpQXE.O
META,META230616C00425000,META/LpQXF.O
META,META230616C00030000,META/LpQb.O
META,META230616C00110000,META/LpQbB.O
META,META230616C00190000,META/LpQbC.O
META,META230616C00270000,META/LpQbD.O
META,META230616C00350000,META/LpQbE.O
META,META230616C00430000,META/LpQbF.O
META,META230616C00510000,META/LpQbG.O
META,META230616C00590000,META/LpQbH.O
META,META230616C00035000,META/LpQf.O
META,META230616C00115000,META/LpQfB.O
META,META230616C00195000,META/LpQfC.O
META,META230616C00275000,META/LpQfD.O
META,META230616C00355000,META/LpQfE.O
META,META230616C00435000,META/LpQfF.O
META,META230616C00040000,META/LpQj.O
META,META230616C00120000,META/LpQjB.O
META,META230616C00200000,META/LpQjC.O
META,META230616C00280000,META/LpQjD.O
META,META230616C00360000,META/LpQjE.O
META,META230616C00440000,META/LpQjF.O
META,META230616C00520000,META/LpQjG.O
META,META230616C00600000,META/LpQjH.O
META,META230616C00045000,META/LpQn.O
META,META230616C00125000,META/LpQnB.O
META,META230616C00285000,META/LpQnD.O
META,META230616C00365000,META/LpQnE.O
META,META230616C00445000,META/LpQnF.O
META,META230616C00050000,META/LpQr.O
META,META230616C00130000,META/LpQrB.O
META,META230616C00210000,META/LpQrC.O
META,META230616C00290000,META/LpQrD.O
META,META230616C00370000,META/LpQrE.O
META,META230616C00450000,META/LpQrF.O
META,META230616C00530000,META/LpQrG.O
META,META230616C00055000,META/LpQv.O
META,META230616C00135000,META/LpQvB.O
META,META230616C00295000,META/LpQvD.O
META,META230616C00375000,META/LpQvE.O
META,META230616C00060000,META/LpQz.O
META,META230616C00140000,META/LpQzB.O
META,META230616C00220000,META/LpQzC.O
META,META230616C00300000,META/LpQzD.O
META,META230616C00380000,META/LpQzE.O
META,META230616C00460000,META/LpQzF.O
META,META230616C00540000,META/LpQzG.O
META,META230616C00700000,META/LpQzI.O
META,META230616C00075000,META/LpQ~.O
META,META230616C00155000,META/LpQ~B.O
META,META230616C00315000,META/LpQ~D.O
META,META230616C00395000,META/LpQ~E.O
META,META230915C00145000,META/LsP3B.O
META,META230915C00225000,META/LsP3C.O
META,META230915C00305000,META/LsP3D.O
META,META230915C00385000,META/LsP3E.O
META,META230915C00070000,META/LsP7.O
META,META230915C00150000,META/LsP7B.O
META,META230915C00230000,META/LsP7C.O
META,META230915C00310000,META/LsP7D.O
META,META230915C00390000,META/LsP7E.O
META,META230915C00080000,META/LsPDB.O
META,META230915C00160000,META/LsPDC.O
META,META230915C00240000,META/LsPDD.O
META,META230915C00320000,META/LsPDE.O
META,META230915C00400000,META/LsPDF.O
META,META230915C00005000,META/LsPH.O
META,META230915C00085000,META/LsPHB.O
META,META230915C00165000,META/LsPHC.O
META,META230915C00245000,META/LsPHD.O
META,META230915C00325000,META/LsPHE.O
META,META230915C00405000,META/LsPHF.O
META,META230915C00010000,META/LsPL.O
META,META230915C00090000,META/LsPLB.O
META,META230915C00170000,META/LsPLC.O
META,META230915C00250000,META/LsPLD.O
META,META230915C00330000,META/LsPLE.O
META,META230915C00410000,META/LsPLF.O
META,META230915C00015000,META/LsPP.O
META,META230915C00095000,META/LsPPB.O
META,META230915C00175000,META/LsPPC.O
META,META230915C00255000,META/LsPPD.O
META,META230915C00335000,META/LsPPE.O
META,META230915C00020000,META/LsPT.O
META,META230915C00100000,META/LsPTB.O
META,META230915C00180000,META/LsPTC.O
META,META230915C00260000,META/LsPTD.O
META,META230915C00340000,META/LsPTE.O
META,META230915C00025000,META/LsPX.O
META,META230915C00105000,META/LsPXB.O
META,META230915C00185000,META/LsPXC.O
META,META230915C00265000,META/LsPXD.O
META,META230915C00345000,META/LsPXE.O
META,META230915C00030000,META/LsPb.O
META,META230915C00110000,META/LsPbB.O
META,META230915C00190000,META/LsPbC.O
META,META230915C00270000,META/LsPbD.O
META,META230915C00350000,META/LsPbE.O
META,META230915C00035000,META/LsPf.O
META,META230915C00115000,META/LsPfB.O
META,META230915C00195000,META/LsPfC.O
META,META230915C00275000,META/LsPfD.O
META,META230915C00355000,META/LsPfE.O
META,META230915C00040000,META/LsPj.O
META,META230915C00120000,META/LsPjB.O
META,META230915C00200000,META/LsPjC.O
META,META230915C00280000,META/LsPjD.O
META,META230915C00360000,META/LsPjE.O
META,META230915C00045000,META/LsPn.O
META,META230915C00125000,META/LsPnB.O
META,META230915C00205000,META/LsPnC.O
META,META230915C00285000,META/LsPnD.O
META,META230915C00365000,META/LsPnE.O
META,META230915C00050000,META/LsPr.O
META,META230915C00130000,META/LsPrB.O
META,META230915C00210000,META/LsPrC.O
META,META230915C00290000,META/LsPrD.O
META,META230915C00370000,META/LsPrE.O
META,META230915C00135000,META/LsPvB.O
META,META230915C00215000,META/LsPvC.O
META,META230915C00295000,META/LsPvD.O
META,META230915C00375000,META/LsPvE.O
META,META230915C00060000,META/LsPz.O
META,META230915C00140000,META/LsPzB.O
META,META230915C00220000,META/LsPzC.O
META,META230915C00300000,META/LsPzD.O
META,META230915C00380000,META/LsPzE.O
META,META230915C00075000,META/LsP~.O
META,META230915C00155000,META/LsP~B.O
META,META230915C00235000,META/LsP~C.O
META,META230915C00315000,META/LsP~D.O
META,META230915C00395000,META/LsP~E.O
META,META230120P00065000,META/LwU3.O
META,META230120P00145000,META/LwU3B.O
META,META230120P00305000,META/LwU3D.O
META,META230120P00385000,META/LwU3E.O
META,META230120P00070000,META/LwU7.O
META,META230120P00150000,META/LwU7B.O
META,META230120P00230000,META/LwU7C.O
META,META230120P00310000,META/LwU7D.O
META,META230120P00390000,META/LwU7E.O
META,META230120P00470000,META/LwU7F.O
META,META230120P00550000,META/LwU7G.O
META,META230120P00080000,META/LwUDB.O
META,META230120P00160000,META/LwUDC.O
META,META230120P00240000,META/LwUDD.O
META,META230120P00320000,META/LwUDE.O
META,META230120P00400000,META/LwUDF.O
META,META230120P00480000,META/LwUDG.O
META,META230120P00560000,META/LwUDH.O
META,META230120P00005000,META/LwUH.O
META,META230120P00085000,META/LwUHB.O
META,META230120P00165000,META/LwUHC.O
META,META230120P00245000,META/LwUHD.O
META,META230120P00325000,META/LwUHE.O
META,META230120P00405000,META/LwUHF.O
META,META230120P00010000,META/LwUL.O
META,META230120P00090000,META/LwULB.O
META,META230120P00170000,META/LwULC.O
META,META230120P00250000,META/LwULD.O
META,META230120P00330000,META/LwULE.O
META,META230120P00410000,META/LwULF.O
META,META230120P00490000,META/LwULG.O
META,META230120P00570000,META/LwULH.O
META,META230120P00650000,META/LwULI.O
META,META230120P00015000,META/LwUP.O
META,META230120P00095000,META/LwUPB.O
META,META230120P00175000,META/LwUPC.O
META,META230120P00255000,META/LwUPD.O
META,META230120P00335000,META/LwUPE.O
META,META230120P00415000,META/LwUPF.O
META,META230120P00020000,META/LwUT.O
META,META230120P00100000,META/LwUTB.O
META,META230120P00180000,META/LwUTC.O
META,META230120P00260000,META/LwUTD.O
META,META230120P00340000,META/LwUTE.O
META,META230120P00420000,META/LwUTF.O
META,META230120P00500000,META/LwUTG.O
META,META230120P00580000,META/LwUTH.O
META,META230120P00025000,META/LwUX.O
META,META230120P00105000,META/LwUXB.O
META,META230120P00185000,META/LwUXC.O
META,META230120P00265000,META/LwUXD.O
META,META230120P00345000,META/LwUXE.O
META,META230120P00425000,META/LwUXF.O
META,META230120P00030000,META/LwUb.O
META,META230120P00110000,META/LwUbB.O
META,META230120P00190000,META/LwUbC.O
META,META230120P00270000,META/LwUbD.O
META,META230120P00350000,META/LwUbE.O
META,META230120P00430000,META/LwUbF.O
META,META230120P00510000,META/LwUbG.O
META,META230120P00590000,META/LwUbH.O
META,META230120P00035000,META/LwUf.O
META,META230120P00115000,META/LwUfB.O
META,META230120P00195000,META/LwUfC.O
META,META230120P00275000,META/LwUfD.O
META,META230120P00355000,META/LwUfE.O
META,META230120P00435000,META/LwUfF.O
META,META230120P00040000,META/LwUj.O
META,META230120P00120000,META/LwUjB.O
META,META230120P00200000,META/LwUjC.O
META,META230120P00280000,META/LwUjD.O
META,META230120P00360000,META/LwUjE.O
META,META230120P00440000,META/LwUjF.O
META,META230120P00520000,META/LwUjG.O
META,META230120P00600000,META/LwUjH.O
META,META230120P00045000,META/LwUn.O
META,META230120P00125000,META/LwUnB.O
META,META230120P00285000,META/LwUnD.O
META,META230120P00365000,META/LwUnE.O
META,META230120P00445000,META/LwUnF.O
META,META230120P00050000,META/LwUr.O
META,META230120P00130000,META/LwUrB.O
META,META230120P00210000,META/LwUrC.O
META,META230120P00290000,META/LwUrD.O
META,META230120P00370000,META/LwUrE.O
META,META230120P00450000,META/LwUrF.O
META,META230120P00530000,META/LwUrG.O
META,META230120P00055000,META/LwUv.O
META,META230120P00135000,META/LwUvB.O
META,META230120P00295000,META/LwUvD.O
META,META230120P00375000,META/LwUvE.O
META,META230120P00060000,META/LwUz.O
META,META230120P00140000,META/LwUzB.O
META,META230120P00220000,META/LwUzC.O
META,META230120P00300000,META/LwUzD.O
META,META230120P00380000,META/LwUzE.O
META,META230120P00460000,META/LwUzF.O
META,META230120P00540000,META/LwUzG.O
META,META230120P00700000,META/LwUzI.O
META,META230120P00075000,META/LwU~.O
META,META230120P00155000,META/LwU~B.O
META,META230120P00235000,META/LwU~C.O
META,META230120P00315000,META/LwU~D.O
META,META230120P00395000,META/LwU~E.O
META,META230217P00145000,META/LxR3B.O
META,META230217P00225000,META/LxR3C.O
META,META230217P00150000,META/LxR7B.O
META,META230217P00230000,META/LxR7C.O
META,META230217P00080000,META/LxRDB.O
META,META230217P00160000,META/LxRDC.O
META,META230217P00240000,META/LxRDD.O
META,META230217P00085000,META/LxRHB.O
META,META230217P00165000,META/LxRHC.O
META,META230217P00245000,META/LxRHD.O
META,META230217P00090000,META/LxRLB.O
META,META230217P00170000,META/LxRLC.O
META,META230217P00250000,META/LxRLD.O
META,META230217P00095000,META/LxRPB.O
META,META230217P00175000,META/LxRPC.O
META,META230217P00255000,META/LxRPD.O
META,META230217P00100000,META/LxRTB.O
META,META230217P00180000,META/LxRTC.O
META,META230217P00260000,META/LxRTD.O
META,META230217P00105000,META/LxRXB.O
META,META230217P00185000,META/LxRXC.O
META,META230217P00265000,META/LxRXD.O
META,META230217P00110000,META/LxRbB.O
META,META230217P00190000,META/LxRbC.O
META,META230217P00270000,META/LxRbD.O
META,META230217P00115000,META/LxRfB.O
META,META230217P00195000,META/LxRfC.O
META,META230217P00275000,META/LxRfD.O
META,META230217P00120000,META/LxRjB.O
META,META230217P00200000,META/LxRjC.O
META,META230217P00280000,META/LxRjD.O
META,META230217P00125000,META/LxRnB.O
META,META230217P00205000,META/LxRnC.O
META,META230217P00285000,META/LxRnD.O
META,META230217P00130000,META/LxRrB.O
META,META230217P00210000,META/LxRrC.O
META,META230217P00290000,META/LxRrD.O
META,META230217P00135000,META/LxRvB.O
META,META230217P00215000,META/LxRvC.O
META,META230217P00295000,META/LxRvD.O
META,META230217P00140000,META/LxRzB.O
META,META230217P00220000,META/LxRzC.O
META,META230217P00300000,META/LxRzD.O
META,META230217P00075000,META/LxR~.O
META,META230217P00155000,META/LxR~B.O
META,META230217P00235000,META/LxR~C.O
META,META230317P00065000,META/LyR3.O
META,META230317P00145000,META/LyR3B.O
META,META230317P00225000,META/LyR3C.O
META,META230317P00305000,META/LyR3D.O
META,META230317P00070000,META/LyR7.O
META,META230317P00150000,META/LyR7B.O
META,META230317P00230000,META/LyR7C.O
META,META230317P00310000,META/LyR7D.O
META,META230317P00390000,META/LyR7E.O
META,META230317P00470000,META/LyR7F.O
META,META230317P00550000,META/LyR7G.O
META,META230317P00630000,META/LyR7H.O
META,META230317P00080000,META/LyRDB.O
META,META230317P00160000,META/LyRDC.O
META,META230317P00240000,META/LyRDD.O
META,META230317P00320000,META/LyRDE.O
META,META230317P00400000,META/LyRDF.O
META,META230317P00480000,META/LyRDG.O
META,META230317P00560000,META/LyRDH.O
META,META230317P00640000,META/LyRDI.O
META,META230317P00005000,META/LyRH.O
META,META230317P00085000,META/LyRHB.O
META,META230317P00165000,META/LyRHC.O
META,META230317P00245000,META/LyRHD.O
META,META230317P00325000,META/LyRHE.O
META,META230317P00010000,META/LyRL.O
META,META230317P00090000,META/LyRLB.O
META,META230317P00170000,META/LyRLC.O
META,META230317P00250000,META/LyRLD.O
META,META230317P00330000,META/LyRLE.O
META,META230317P00410000,META/LyRLF.O
META,META230317P00490000,META/LyRLG.O
META,META230317P00570000,META/LyRLH.O
META,META230317P00650000,META/LyRLI.O
META,META230317P00015000,META/LyRP.O
META,META230317P00095000,META/LyRPB.O
META,META230317P00175000,META/LyRPC.O
META,META230317P00255000,META/LyRPD.O
META,META230317P00335000,META/LyRPE.O
META,META230317P00020000,META/LyRT.O
META,META230317P00100000,META/LyRTB.O
META,META230317P00180000,META/LyRTC.O
META,META230317P00260000,META/LyRTD.O
META,META230317P00340000,META/LyRTE.O
META,META230317P00420000,META/LyRTF.O
META,META230317P00500000,META/LyRTG.O
META,META230317P00580000,META/LyRTH.O
META,META230317P00025000,META/LyRX.O
META,META230317P00105000,META/LyRXB.O
META,META230317P00185000,META/LyRXC.O
META,META230317P00265000,META/LyRXD.O
META,META230317P00030000,META/LyRb.O
META,META230317P00110000,META/LyRbB.O
META,META230317P00190000,META/LyRbC.O
META,META230317P00270000,META/LyRbD.O
META,META230317P00350000,META/LyRbE.O
META,META230317P00430000,META/LyRbF.O
META,META230317P00510000,META/LyRbG.O
META,META230317P00590000,META/LyRbH.O
META,META230317P00035000,META/LyRf.O
META,META230317P00115000,META/LyRfB.O
META,META230317P00195000,META/LyRfC.O
META,META230317P00275000,META/LyRfD.O
META,META230317P00040000,META/LyRj.O
META,META230317P00120000,META/LyRjB.O
META,META230317P00200000,META/LyRjC.O
META,META230317P00280000,META/LyRjD.O
META,META230317P00360000,META/LyRjE.O
META,META230317P00440000,META/LyRjF.O
META,META230317P00520000,META/LyRjG.O
META,META230317P00600000,META/LyRjH.O
META,META230317P00045000,META/LyRn.O
META,META230317P00125000,META/LyRnB.O
META,META230317P00205000,META/LyRnC.O
META,META230317P00285000,META/LyRnD.O
META,META230317P00050000,META/LyRr.O
META,META230317P00130000,META/LyRrB.O
META,META230317P00210000,META/LyRrC.O
META,META230317P00290000,META/LyRrD.O
META,META230317P00370000,META/LyRrE.O
META,META230317P00450000,META/LyRrF.O
META,META230317P00530000,META/LyRrG.O
META,META230317P00610000,META/LyRrH.O
META,META230317P00055000,META/LyRv.O
META,META230317P00135000,META/LyRvB.O
META,META230317P00215000,META/LyRvC.O
META,META230317P00295000,META/LyRvD.O
META,META230317P00060000,META/LyRz.O
META,META230317P00140000,META/LyRzB.O
META,META230317P00220000,META/LyRzC.O
META,META230317P00300000,META/LyRzD.O
META,META230317P00380000,META/LyRzE.O
META,META230317P00460000,META/LyRzF.O
META,META230317P00540000,META/LyRzG.O
META,META230317P00620000,META/LyRzH.O
META,META230317P00075000,META/LyR~.O
META,META230317P00155000,META/LyR~B.O
META,META230317P00235000,META/LyR~C.O
META,META230317P00315000,META/LyR~D.O
META,META240119C00145000,META/MET3B.O
META,META240119C00305000,META/MET3D.O
META,META240119C00385000,META/MET3E.O
META,META240119C00070000,META/MET7.O
META,META240119C00150000,META/MET7B.O
META,META240119C00230000,META/MET7C.O
META,META240119C00310000,META/MET7D.O
META,META240119C00390000,META/MET7E.O
META,META240119C00470000,META/MET7F.O
META,META240119C00550000,META/MET7G.O
META,META240119C00080000,META/METDB.O
META,META240119C00160000,META/METDC.O
META,META240119C00240000,META/METDD.O
META,META240119C00320000,META/METDE.O
META,META240119C00400000,META/METDF.O
META,META240119C00480000,META/METDG.O
META,META240119C00560000,META/METDH.O
META,META240119C00005000,META/METH.O
META,META240119C00085000,META/METHB.O
META,META240119C00165000,META/METHC.O
META,META240119C00245000,META/METHD.O
META,META240119C00325000,META/METHE.O
META,META240119C00405000,META/METHF.O
META,META240119C00010000,META/METL.O
META,META240119C00090000,META/METLB.O
META,META240119C00170000,META/METLC.O
META,META240119C00250000,META/METLD.O
META,META240119C00330000,META/METLE.O
META,META240119C00410000,META/METLF.O
META,META240119C00490000,META/METLG.O
META,META240119C00570000,META/METLH.O
META,META240119C00650000,META/METLI.O
META,META240119C00015000,META/METP.O
META,META240119C00095000,META/METPB.O
META,META240119C00175000,META/METPC.O
META,META240119C00255000,META/METPD.O
META,META240119C00335000,META/METPE.O
META,META240119C00415000,META/METPF.O
META,META240119C00020000,META/METT.O
META,META240119C00100000,META/METTB.O
META,META240119C00180000,META/METTC.O
META,META240119C00260000,META/METTD.O
META,META240119C00340000,META/METTE.O
META,META240119C00420000,META/METTF.O
META,META240119C00500000,META/METTG.O
META,META240119C00580000,META/METTH.O
META,META240119C00025000,META/METX.O
META,META240119C00105000,META/METXB.O
META,META240119C00185000,META/METXC.O
META,META240119C00265000,META/METXD.O
META,META240119C00345000,META/METXE.O
META,META240119C00425000,META/METXF.O
META,META240119C00030000,META/METb.O
META,META240119C00110000,META/METbB.O
META,META240119C00190000,META/METbC.O
META,META240119C00270000,META/METbD.O
META,META240119C00350000,META/METbE.O
META,META240119C00430000,META/METbF.O
META,META240119C00510000,META/METbG.O
META,META240119C00590000,META/METbH.O
META,META240119C00035000,META/METf.O
META,META240119C00115000,META/METfB.O
META,META240119C00195000,META/METfC.O
META,META240119C00275000,META/METfD.O
META,META240119C00355000,META/METfE.O
META,META240119C00435000,META/METfF.O
META,META240119C00040000,META/METj.O
META,META240119C00120000,META/METjB.O
META,META240119C00200000,META/METjC.O
META,META240119C00280000,META/METjD.O
META,META240119C00360000,META/METjE.O
META,META240119C00440000,META/METjF.O
META,META240119C00520000,META/METjG.O
META,META240119C00600000,META/METjH.O
META,META240119C00045000,META/METn.O
META,META240119C00125000,META/METnB.O
META,META240119C00285000,META/METnD.O
META,META240119C00365000,META/METnE.O
META,META240119C00445000,META/METnF.O
META,META240119C00050000,META/METr.O
META,META240119C00130000,META/METrB.O
META,META240119C00210000,META/METrC.O
META,META240119C00290000,META/METrD.O
META,META240119C00370000,META/METrE.O
META,META240119C00450000,META/METrF.O
META,META240119C00530000,META/METrG.O
META,META240119C00135000,META/METvB.O
META,META240119C00295000,META/METvD.O
META,META240119C00375000,META/METvE.O
META,META240119C00060000,META/METz.O
META,META240119C00140000,META/METzB.O
META,META240119C00220000,META/METzC.O
META,META240119C00300000,META/METzD.O
META,META240119C00380000,META/METzE.O
META,META240119C00460000,META/METzF.O
META,META240119C00540000,META/METzG.O
META,META240119C00700000,META/METzI.O
META,META240119C00075000,META/MET~.O
META,META240119C00155000,META/MET~B.O
META,META240119C00235000,META/MET~C.O
META,META240119C00315000,META/MET~D.O
META,META240119C00395000,META/MET~E.O
META,META240621C00145000,META/MJV3B.O
META,META240621C00225000,META/MJV3C.O
META,META240621C00305000,META/MJV3D.O
META,META240621C00070000,META/MJV7.O
META,META240621C00150000,META/MJV7B.O
META,META240621C00230000,META/MJV7C.O
META,META240621C00310000,META/MJV7D.O
META,META240621C00080000,META/MJVDB.O
META,META240621C00160000,META/MJVDC.O
META,META240621C00240000,META/MJVDD.O
META,META240621C00320000,META/MJVDE.O
META,META240621C00005000,META/MJVH.O
META,META240621C00085000,META/MJVHB.O
META,META240621C00165000,META/MJVHC.O
META,META240621C00245000,META/MJVHD.O
META,META240621C00325000,META/MJVHE.O
META,META240621C00010000,META/MJVL.O
META,META240621C00090000,META/MJVLB.O
META,META240621C00170000,META/MJVLC.O
META,META240621C00250000,META/MJVLD.O
META,META240621C00330000,META/MJVLE.O
META,META240621C00015000,META/MJVP.O
META,META240621C00095000,META/MJVPB.O
META,META240621C00175000,META/MJVPC.O
META,META240621C00255000,META/MJVPD.O
META,META240621C00335000,META/MJVPE.O
META,META240621C00020000,META/MJVT.O
META,META240621C00100000,META/MJVTB.O
META,META240621C00180000,META/MJVTC.O
META,META240621C00260000,META/MJVTD.O
META,META240621C00340000,META/MJVTE.O
META,META240621C00025000,META/MJVX.O
META,META240621C00105000,META/MJVXB.O
META,META240621C00185000,META/MJVXC.O
META,META240621C00265000,META/MJVXD.O
META,META240621C00030000,META/MJVb.O
META,META240621C00110000,META/MJVbB.O
META,META240621C00190000,META/MJVbC.O
META,META240621C00270000,META/MJVbD.O
META,META240621C00035000,META/MJVf.O
META,META240621C00115000,META/MJVfB.O
META,META240621C00195000,META/MJVfC.O
META,META240621C00275000,META/MJVfD.O
META,META240621C00040000,META/MJVj.O
META,META240621C00120000,META/MJVjB.O
META,META240621C00200000,META/MJVjC.O
META,META240621C00280000,META/MJVjD.O
META,META240621C00045000,META/MJVn.O
META,META240621C00125000,META/MJVnB.O
META,META240621C00205000,META/MJVnC.O
META,META240621C00285000,META/MJVnD.O
META,META240621C00050000,META/MJVr.O
META,META240621C00130000,META/MJVrB.O
META,META240621C00210000,META/MJVrC.O
META,META240621C00290000,META/MJVrD.O
META,META240621C00135000,META/MJVvB.O
META,META240621C00215000,META/MJVvC.O
META,META240621C00295000,META/MJVvD.O
META,META240621C00060000,META/MJVz.O
META,META240621C00140000,META/MJVzB.O
META,META240621C00220000,META/MJVzC.O
META,META240621C00300000,META/MJVzD.O
META,META240621C00075000,META/MJV~.O
META,META240621C00155000,META/MJV~B.O
META,META240621C00235000,META/MJV~C.O
META,META240621C00315000,META/MJV~D.O
META,META240119P00145000,META/MQT3B.O
META,META240119P00305000,META/MQT3D.O
META,META240119P00385000,META/MQT3E.O
META,META240119P00070000,META/MQT7.O
META,META240119P00150000,META/MQT7B.O
META,META240119P00230000,META/MQT7C.O
META,META240119P00310000,META/MQT7D.O
META,META240119P00390000,META/MQT7E.O
META,META240119P00470000,META/MQT7F.O
META,META240119P00550000,META/MQT7G.O
META,META240119P00080000,META/MQTDB.O
META,META240119P00160000,META/MQTDC.O
META,META240119P00240000,META/MQTDD.O
META,META240119P00320000,META/MQTDE.O
META,META240119P00400000,META/MQTDF.O
META,META240119P00480000,META/MQTDG.O
META,META240119P00560000,META/MQTDH.O
META,META240119P00005000,META/MQTH.O
META,META240119P00085000,META/MQTHB.O
META,META240119P00165000,META/MQTHC.O
META,META240119P00245000,META/MQTHD.O
META,META240119P00325000,META/MQTHE.O
META,META240119P00405000,META/MQTHF.O
META,META240119P00010000,META/MQTL.O
META,META240119P00090000,META/MQTLB.O
META,META240119P00170000,META/MQTLC.O
META,META240119P00250000,META/MQTLD.O
META,META240119P00330000,META/MQTLE.O
META,META240119P00410000,META/MQTLF.O
META,META240119P00490000,META/MQTLG.O
META,META240119P00570000,META/MQTLH.O
META,META240119P00650000,META/MQTLI.O
META,META240119P00015000,META/MQTP.O
META,META240119P00095000,META/MQTPB.O
META,META240119P00175000,META/MQTPC.O
META,META240119P00255000,META/MQTPD.O
META,META240119P00335000,META/MQTPE.O
META,META240119P00415000,META/MQTPF.O
META,META240119P00020000,META/MQTT.O
META,META240119P00100000,META/MQTTB.O
META,META240119P00180000,META/MQTTC.O
META,META240119P00260000,META/MQTTD.O
META,META240119P00340000,META/MQTTE.O
META,META240119P00420000,META/MQTTF.O
META,META240119P00500000,META/MQTTG.O
META,META240119P00580000,META/MQTTH.O
META,META240119P00025000,META/MQTX.O
META,META240119P00105000,META/MQTXB.O
META,META240119P00185000,META/MQTXC.O
META,META240119P00265000,META/MQTXD.O
META,META240119P00345000,META/MQTXE.O
META,META240119P00425000,META/MQTXF.O
META,META240119P00030000,META/MQTb.O
META,META240119P00110000,META/MQTbB.O
META,META240119P00190000,META/MQTbC.O
META,META240119P00270000,META/MQTbD.O
META,META240119P00350000,META/MQTbE.O
META,META240119P00430000,META/MQTbF.O
META,META240119P00510000,META/MQTbG.O
META,META240119P00590000,META/MQTbH.O
META,META240119P00035000,META/MQTf.O
META,META240119P00115000,META/MQTfB.O
META,META240119P00195000,META/MQTfC.O
META,META240119P00275000,META/MQTfD.O
META,META240119P00355000,META/MQTfE.O
META,META240119P00435000,META/MQTfF.O
META,META240119P00040000,META/MQTj.O
META,META240119P00120000,META/MQTjB.O
META,META240119P00200000,META/MQTjC.O
META,META240119P00280000,META/MQTjD.O
META,META240119P00360000,META/MQTjE.O
META,META240119P00440000,META/MQTjF.O
META,META240119P00520000,META/MQTjG.O
META,META240119P00600000,META/MQTjH.O
META,META240119P00045000,META/MQTn.O
META,META240119P00125000,META/MQTnB.O
META,META240119P00285000,META/MQTnD.O
META,META240119P00365000,META/MQTnE.O
META,META240119P00445000,META/MQTnF.O
META,META240119P00050000,META/MQTr.O
META,META240119P00130000,META/MQTrB.O
META,META240119P00210000,META/MQTrC.O
META,META240119P00290000,META/MQTrD.O
META,META240119P00370000,META/MQTrE.O
META,META240119P00450000,META/MQTrF.O
META,META240119P00530000,META/MQTrG.O
META,META240119P00135000,META/MQTvB.O
META,META240119P00295000,META/MQTvD.O
META,META240119P00375000,META/MQTvE.O
META,META240119P00060000,META/MQTz.O
META,META240119P00140000,META/MQTzB.O
META,META240119P00220000,META/MQTzC.O
META,META240119P00300000,META/MQTzD.O
META,META240119P00380000,META/MQTzE.O
META,META240119P00460000,META/MQTzF.O
META,META240119P00540000,META/MQTzG.O
META,META240119P00700000,META/MQTzI.O
META,META240119P00075000,META/MQT~.O
META,META240119P00155000,META/MQT~B.O
META,META240119P00235000,META/MQT~C.O
META,META240119P00315000,META/MQT~D.O
META,META240119P00395000,META/MQT~E.O
META,META240621P00145000,META/MVV3B.O
META,META240621P00225000,META/MVV3C.O
META,META240621P00305000,META/MVV3D.O
META,META240621P00070000,META/MVV7.O
META,META240621P00150000,META/MVV7B.O
META,META240621P00230000,META/MVV7C.O
META,META240621P00310000,META/MVV7D.O
META,META240621P00080000,META/MVVDB.O
META,META240621P00160000,META/MVVDC.O
META,META240621P00240000,META/MVVDD.O
META,META240621P00320000,META/MVVDE.O
META,META240621P00005000,META/MVVH.O
META,META240621P00085000,META/MVVHB.O
META,META240621P00165000,META/MVVHC.O
META,META240621P00245000,META/MVVHD.O
META,META240621P00325000,META/MVVHE.O
META,META240621P00010000,META/MVVL.O
META,META240621P00090000,META/MVVLB.O
META,META240621P00170000,META/MVVLC.O
META,META240621P00250000,META/MVVLD.O
META,META240621P00330000,META/MVVLE.O
META,META240621P00015000,META/MVVP.O
META,META240621P00095000,META/MVVPB.O
META,META240621P00175000,META/MVVPC.O
META,META240621P00255000,META/MVVPD.O
META,META240621P00335000,META/MVVPE.O
META,META240621P00020000,META/MVVT.O
META,META240621P00100000,META/MVVTB.O
META,META240621P00180000,META/MVVTC.O
META,META240621P00260000,META/MVVTD.O
META,META240621P00340000,META/MVVTE.O
META,META240621P00025000,META/MVVX.O
META,META240621P00105000,META/MVVXB.O
META,META240621P00185000,META/MVVXC.O
META,META240621P00265000,META/MVVXD.O
META,META240621P00030000,META/MVVb.O
META,META240621P00110000,META/MVVbB.O
META,META240621P00190000,META/MVVbC.O
META,META240621P00270000,META/MVVbD.O
META,META240621P00035000,META/MVVf.O
META,META240621P00115000,META/MVVfB.O
META,META240621P00195000,META/MVVfC.O
META,META240621P00275000,META/MVVfD.O
